corp_conv_idx,conv_id,speaker,corp_vol_idx,conv_vol_idx,vol_text,corp_utt_idx,conv_utt_idx,utt_text,t1_label_GT,t2_label_GT,dataset,uid,t1_label_auto,t2_label_auto,t1_raw,t2_raw,t2_n_gen_tokens
4,high_127,client,329,0,Angelina Jolie,802,0,Angelina Jolie,N,N,misc.hlqc.gold,misc.hlqc.gold:802,N,N,N,N,2
4,high_127,counsellor,330,1,hi Angelina how are you doing today,803,1,hi Angelina,O,FI,misc.hlqc.gold,misc.hlqc.gold:803,O,FI,O,FI,2
4,high_127,counsellor,330,1,hi Angelina how are you doing today,804,2,how are you doing today,Q,OQ,misc.hlqc.gold,misc.hlqc.gold:804,O,FI,"O

The counsellor's utterance ""how are you doing today"" is a structural or facilitative utterance used to initiate the session and establish rapport. It does not engage in any specific MI techniques and is classified as ""Other/Neutral (O)"" under the ""Structure (ST)"" behavioral code.",FI,2
4,high_127,client,331,2,I'm doing good just I'm having a hard time finding time to exercise,805,3,I'm doing good just I'm having a hard time,N,N,misc.hlqc.gold,misc.hlqc.gold:805,N,N,N,N,2
4,high_127,client,331,2,I'm doing good just I'm having a hard time finding time to exercise,806,4,finding time to exercise,N,N,misc.hlqc.gold,misc.hlqc.gold:806,N,N,N,N,2
4,high_127,counsellor,332,3,I see um before we talk about that I want you know that whatever we talk about today is going to be kept confidential,807,5,I see um before we talk about that I want you know that whatever we talk about today is going to be kept confidential,CRL,EC,misc.hlqc.gold,misc.hlqc.gold:807,O,ST,"O

The counsellor's utterance is a structural or facilitative statement meant to establish confidentiality, which does not engage in any specific MI technique. It falls under the ""Other/Neutral"" category with the behavioral code ""Structure (ST).""",ST,2
4,high_127,client,333,4,yeah,808,6,yeah,N,N,misc.hlqc.gold,misc.hlqc.gold:808,N,N,N,N,2
4,high_127,counsellor,334,5,so let's talk more about what brought you in today,809,7,so let's talk more about what brought you in today,O,OQ,misc.hlqc.gold,misc.hlqc.gold:809,O,ST,"O

The counsellor's utterance ""so let's talk more about what brought you in today"" is a structural or facilitative statement used to transition the conversation to the client's main concern or reason for seeking counselling. It does not engage in any specific MI technique such as reflection, advice, or questioning, and thus falls under the ""Other/Neutral"" category with the behavioral code ""Structure (ST)"".",**label**: ST,5
4,high_127,client,335,6,i have type diabetes and i know i need to exercise to help man to my diabetes but i just cannot make time for it i wish i can find ways to manage my time,810,8,i have type diabetes and i know i need to exercise to help man to my diabetes,N,N,misc.hlqc.gold,misc.hlqc.gold:810,C,N+,C,N+,3
4,high_127,client,335,6,i have type diabetes and i know i need to exercise to help man to my diabetes but i just cannot make time for it i wish i can find ways to manage my time,811,9,but i just cannot make time for it,N,N,misc.hlqc.gold,misc.hlqc.gold:811,S,AB-,S,AB-,3
4,high_127,client,335,6,i have type diabetes and i know i need to exercise to help man to my diabetes but i just cannot make time for it i wish i can find ways to manage my time,812,10,i wish i can find ways to manage my time,N,N,misc.hlqc.gold,misc.hlqc.gold:812,C,O+,C,O+,3
4,high_127,counsellor,336,7,mm-hmm so you wish to make time to exercise so you can manage your diabetes,813,11,mm-hmm,O,FI,misc.hlqc.gold,misc.hlqc.gold:813,O,FA,O,**label**: FA,5
4,high_127,counsellor,336,7,mm-hmm so you wish to make time to exercise so you can manage your diabetes,814,12,so you wish to make time to exercise,SRL,SR,misc.hlqc.gold,misc.hlqc.gold:814,SRL,SR,SRL,**label**: Simple Reflection (SR),9
4,high_127,counsellor,336,7,mm-hmm so you wish to make time to exercise so you can manage your diabetes,815,13,so you can manage your diabetes,SRL,SR,misc.hlqc.gold,misc.hlqc.gold:815,SRL,SR,SRL (Simple Reflection) - Simple Reflection (SR),**label**: Simple Reflection (SR),9
4,high_127,client,337,8,yeah,816,14,yeah,N,N,misc.hlqc.gold,misc.hlqc.gold:816,N,N,N,N,2
4,high_127,counsellor,338,9,um what are the benefits of not exercising to you,817,15,um what are the benefits of not exercising to you,Q,OQ,misc.hlqc.gold,misc.hlqc.gold:817,Q,CQ,Q (Open Question - OQ),**label**: CQ,6
4,high_127,client,339,10,won't look and I just I don't see any benefits of not exercising,818,16,won't look,N,N,misc.hlqc.gold,misc.hlqc.gold:818,N,N,N,N,2
4,high_127,client,339,10,won't look and I just I don't see any benefits of not exercising,819,17,and I just I don't see any benefits of not exercising,N,N,misc.hlqc.gold,misc.hlqc.gold:819,C,R+,C,R+,3
4,high_127,counsellor,340,11,and what are the costs of not exercising,820,18,and what are the costs of not exercising,Q,OQ,misc.hlqc.gold,misc.hlqc.gold:820,Q,CQ,Q (Open Question - OQ),**label**: CQ,6
4,high_127,client,341,12,it will make my diabetes worse to a point where I have to start taking medication I'm saying,821,19,it will make my diabetes worse,C,R+,misc.hlqc.gold,misc.hlqc.gold:821,C,N+,C,N+,3
4,high_127,client,341,12,it will make my diabetes worse to a point where I have to start taking medication I'm saying,822,20,to a point where I have to start taking medication,C,R+,misc.hlqc.gold,misc.hlqc.gold:822,S,N-,S,N-,3
4,high_127,client,341,12,it will make my diabetes worse to a point where I have to start taking medication I'm saying,823,21,I'm saying,N,N,misc.hlqc.gold,misc.hlqc.gold:823,S,N-,S,N-,3
4,high_127,counsellor,342,13,okay so what are the costs maybe of finding time to exercise,824,22,okay so what are the costs maybe of finding time to exercise,Q,OQ,misc.hlqc.gold,misc.hlqc.gold:824,SRL,SR,"SRL (Simple Reflection) - Simple Reflection (SR) 

The counsellor's utterance mirrors the client's previous statement about the costs of not exercising by shifting the focus to the costs of finding time to exercise, without adding new insight or interpretation.",**label**: Simple Reflection (SR),9
4,high_127,client,343,14,mm i would have to make time out of my busy schedule and cut down on things that I like doing my family's like watching soccer,825,23,mm i would have to make time out of my busy schedule,S,O-,misc.hlqc.gold,misc.hlqc.gold:825,N,N,N,**label**: N,5
4,high_127,client,343,14,mm i would have to make time out of my busy schedule and cut down on things that I like doing my family's like watching soccer,826,24,and cut down on things that I like doing,S,O-,misc.hlqc.gold,misc.hlqc.gold:826,S,O-,S,O-,3
4,high_127,client,343,14,mm i would have to make time out of my busy schedule and cut down on things that I like doing my family's like watching soccer,827,25,my family's like watching soccer,N,N,misc.hlqc.gold,misc.hlqc.gold:827,N,N,N,N,2
4,high_127,counsellor,344,15,I'm see okay and what are the benefits of finding time to exercise,828,26,I'm see okay,O,FI,misc.hlqc.gold,misc.hlqc.gold:828,O,FA,O,FA,2
4,high_127,counsellor,344,15,I'm see okay and what are the benefits of finding time to exercise,829,27,and what are the benefits of finding time to exercise,Q,OQ,misc.hlqc.gold,misc.hlqc.gold:829,Q,CQ,Q (Open Question - OQ),**label**: CQ,6
4,high_127,client,345,16,if I exercise little hot marriage and will keep me from taking medication and see,830,28,if I exercise little hot marriage,C,R+,misc.hlqc.gold,misc.hlqc.gold:830,N,N,N,N,2
4,high_127,client,345,16,if I exercise little hot marriage and will keep me from taking medication and see,831,29,and will keep me from taking medication,C,R+,misc.hlqc.gold,misc.hlqc.gold:831,C,R+,C,R+,3
4,high_127,client,345,16,if I exercise little hot marriage and will keep me from taking medication and see,832,30,and see,N,N,misc.hlqc.gold,misc.hlqc.gold:832,N,N,N,N,2
4,high_127,counsellor,346,17,so let me see if I understand this correctly so you recognize that exercising is important to control your diabetes and to prevent yourself from taking medications to prevent diabetes um so you also mentioned that to exercise you have to cut down on your family time which is also valuable to you,833,31,so let me see if I understand this correctly,O,FI,misc.hlqc.gold,misc.hlqc.gold:833,SRL,SR,"SRL (Simple Reflection) - Simple Reflection (SR) 

The counsellor's utterance ""so let me see if I understand this correctly"" is a reflective listening statement that mirrors the client's previous statements without adding extra insight. It serves to ensure that the counsellor has accurately understood the client's perspective, which is a key aspect of simple reflection.",**label**: Simple Reflection (SR),9
4,high_127,counsellor,346,17,so let me see if I understand this correctly so you recognize that exercising is important to control your diabetes and to prevent yourself from taking medications to prevent diabetes um so you also mentioned that to exercise you have to cut down on your family time which is also valuable to you,834,32,so you recognize that exercising is important to control your diabetes and to prevent yourself from taking medications to prevent diabetes,SRL,SR,misc.hlqc.gold,misc.hlqc.gold:834,CRL,CR,"CRL (Complex Reflection) - Reframe (RF) 

The counsellor's utterance acknowledges the client's recognition of the importance of exercise in managing diabetes and reframes it by emphasizing the positive outcomes of exercising, such as controlling diabetes and preventing medication. This adds significant meaning to the client's statement, aligning with the definition of a complex reflection that conveys a deeper or richer picture of the client's perspective.",**CR**,4
4,high_127,counsellor,346,17,so let me see if I understand this correctly so you recognize that exercising is important to control your diabetes and to prevent yourself from taking medications to prevent diabetes um so you also mentioned that to exercise you have to cut down on your family time which is also valuable to you,835,33,um so you also mentioned that to exercise you have to cut down on your family time which is also valuable to you,SRL,SR,misc.hlqc.gold,misc.hlqc.gold:835,SRL,SR,"SRL (Simple Reflection) - Simple Reflection (SR) 

The counsellor's utterance mirrors the client's statement about the need to cut down on family time to exercise, without adding extra insight or interpretation.",**label**: Simple Reflection (SR),9
4,high_127,client,347,18,exactly,836,34,exactly,N,N,misc.hlqc.gold,misc.hlqc.gold:836,N,N,N,N,2
4,high_127,counsellor,348,19,okay son how long will just say from now would you think that you know you take make this change,837,35,okay son how long will just say from now would you think that you know you take make this change,Q,CQ,misc.hlqc.gold,misc.hlqc.gold:837,Q,CQ,Q (Open Question - OQ),**CQ**,5
4,high_127,client,349,20,let's say probably within a monk,838,36,let's say probably within a monk,C,AB+,misc.hlqc.gold,misc.hlqc.gold:838,C,O+,C,O+,3
4,high_127,counsellor,350,21,okay so and how on a scale of zero to ten like how important is it for you to make this change and zero being not not not important at all and being the most important,839,37,okay so and how on a scale of zero to ten like how important is it for you to make this change,Q,CQ,misc.hlqc.gold,misc.hlqc.gold:839,Q,CQ,Q (Open Question - OQ),**label**: CQ,6
4,high_127,counsellor,350,21,okay so and how on a scale of zero to ten like how important is it for you to make this change and zero being not not not important at all and being the most important,840,38,and zero being not not not important at all and being the most important,Q,CQ,misc.hlqc.gold,misc.hlqc.gold:840,Q,CQ,Q (Open Question - OQ),**label**: CQ,6
4,high_127,client,351,22,I would see having nine out of ten,841,39,I would see having nine out of ten,N,N,misc.hlqc.gold,misc.hlqc.gold:841,C,N+,C,N+,3
4,high_127,counsellor,352,23,okay and why is it nine another two or lower number,842,40,okay,O,FI,misc.hlqc.gold,misc.hlqc.gold:842,O,FA,O,FA,2
4,high_127,counsellor,352,23,okay and why is it nine another two or lower number,843,41,and why is it nine,Q,OQ,misc.hlqc.gold,misc.hlqc.gold:843,Q,CQ,Q (Open Question - OQ),**label**: CQ,6
4,high_127,counsellor,352,23,okay and why is it nine another two or lower number,844,42,another two or lower number,Q,OQ,misc.hlqc.gold,misc.hlqc.gold:844,Q,CQ,Q (Open Question - OQ),Closed Question (CQ),7
4,high_127,client,353,24,because like I said it is really important for me to manage time to exercise so that my diabetes can be managed and controlled,845,43,because like I said it is really important for me to manage time to exercise,C,R+,misc.hlqc.gold,misc.hlqc.gold:845,C,R+,C,R+,3
4,high_127,client,353,24,because like I said it is really important for me to manage time to exercise so that my diabetes can be managed and controlled,846,44,so that my diabetes can be managed and controlled,C,R+,misc.hlqc.gold,misc.hlqc.gold:846,C,R+,C,R+,3
4,high_127,counsellor,354,25,and on the same scale of zero to ten how confident are you in being able to make the change,847,45,and on the same scale of zero to ten,Q,CQ,misc.hlqc.gold,misc.hlqc.gold:847,SRL,SR,"SRL (Simple Reflection) - Simple Reflection (SR) 

The counsellor's utterance ""and on the same scale of zero to ten"" is a continuation of the previous question, mirroring the structure of the initial question about the importance of making a change. It does not add new insight or information but rather repeats the scale for the client to assess the difficulty of making the change.",**label**: Simple Reflection (SR),9
4,high_127,counsellor,354,25,and on the same scale of zero to ten how confident are you in being able to make the change,848,46,how confident are you in being able to make the change,Q,CQ,misc.hlqc.gold,misc.hlqc.gold:848,Q,CQ,Q (Open Question - OQ),**label**: Closed Question (CQ),10
4,high_127,client,355,26,I soon I'm probably at eight at a time,849,47,I soon I'm probably at eight at a time,N,N,misc.hlqc.gold,misc.hlqc.gold:849,C,AB+,C,**AB+**,5
4,high_127,counsellor,356,27,okay and so would I be correct in saying that it's very important to you so it's nine out of ten to make time to exercise to stay healthy and mainly to avoid having to take medication to manage your diabetes and your confidence level is at eight out of ten and being able to make this change,850,48,okay and so would I be correct in saying that it's very important to you,SRL,SR,misc.hlqc.gold,misc.hlqc.gold:850,SRL,SR,SRL (Simple Reflection) - Simple Reflection (SR),**label**: Simple Reflection (SR),9
4,high_127,counsellor,356,27,okay and so would I be correct in saying that it's very important to you so it's nine out of ten to make time to exercise to stay healthy and mainly to avoid having to take medication to manage your diabetes and your confidence level is at eight out of ten and being able to make this change,851,49,so it's nine out of ten to make time to exercise to stay healthy,SRL,SR,misc.hlqc.gold,misc.hlqc.gold:851,CRL,CR,CRL: Reframe (RF),**CR**,4
4,high_127,counsellor,356,27,okay and so would I be correct in saying that it's very important to you so it's nine out of ten to make time to exercise to stay healthy and mainly to avoid having to take medication to manage your diabetes and your confidence level is at eight out of ten and being able to make this change,852,50,and mainly to avoid having to take medication to manage your diabetes,SRL,SR,misc.hlqc.gold,misc.hlqc.gold:852,CRL,CR,CRL (Complex Reflection - CR),**CR**,4
4,high_127,counsellor,356,27,okay and so would I be correct in saying that it's very important to you so it's nine out of ten to make time to exercise to stay healthy and mainly to avoid having to take medication to manage your diabetes and your confidence level is at eight out of ten and being able to make this change,853,51,and your confidence level is at eight out of ten and being able to make this change,SRL,SR,misc.hlqc.gold,misc.hlqc.gold:853,SRL,SR,"SRL (Simple Reflection) - SR (Simple Reflection) 

The counsellor's utterance is a paraphrase of the client's statement, summarizing the client's confidence level and intention to make a change without adding new insight.",**label**: Simple Reflection (SR),9
4,high_127,client,357,28,yeah,854,52,yeah,N,N,misc.hlqc.gold,misc.hlqc.gold:854,N,N,N,**label**: N,5
4,high_127,counsellor,358,29,okay so looking back is there a reason that you haven't been able to make time talk to sighs,855,53,okay so looking back is there a reason that you haven't been able to make time,Q,CQ,misc.hlqc.gold,misc.hlqc.gold:855,Q,CQ,Q (Open Question - OQ),**label**: CQ,6
4,high_127,counsellor,358,29,okay so looking back is there a reason that you haven't been able to make time talk to sighs,856,54,talk to sighs,O,FI,misc.hlqc.gold,misc.hlqc.gold:856,O,ST,"O

The target utterance ""talk to sighs"" appears to be a transcription error or a placeholder, as it does not form a coherent statement or question. It does not fit into any of the MI behavioural codes as it does not engage with the client's perspective, provide information, or ask a question. Therefore, it is classified as ""Other/Neutral (O).""",ST,2
4,high_127,client,359,30,hmm I just have a very busy schedule with work with kids and also my wife works awesome so it's really difficult to find coming to exercise not only understand,857,55,hmm I just have a very busy schedule with work with kids and also my wife works awesome so it's really difficult to find coming to exercise not only understand,S,R-,misc.hlqc.gold,misc.hlqc.gold:857,N,N,N,**label**: N,5
4,high_127,counsellor,360,31,okay so how would you like for things to change,858,56,okay so how would you like for things to change,Q,OQ,misc.hlqc.gold,misc.hlqc.gold:858,Q,CQ,Q (Open Question - OQ),**label**: CQ,6
4,high_127,client,361,32,I would like to have more time to exercise at the same time spending time with the plan is important to me,859,57,I would like to have more time to exercise,C,D+,misc.hlqc.gold,misc.hlqc.gold:859,C,D+,C,Desire (D+),6
4,high_127,client,361,32,I would like to have more time to exercise at the same time spending time with the plan is important to me,860,58,at the same time spending time with the plan is important to me,N,N,misc.hlqc.gold,misc.hlqc.gold:860,N,N,N,**label**: N,5
4,high_127,counsellor,362,33,I see so what kind of things did you do to control your diabetes in the past,861,59,I see,O,FI,misc.hlqc.gold,misc.hlqc.gold:861,O,FA,O,**label**: Facilitate (FA),10
4,high_127,counsellor,362,33,I see so what kind of things did you do to control your diabetes in the past,862,60,so what kind of things did you do to control your diabetes in the past,Q,OQ,misc.hlqc.gold,misc.hlqc.gold:862,Q,CQ,Q (Open Question - OQ),**label**: CQ,6
4,high_127,client,363,34,being physically active whenever possible I see,863,61,being physically active whenever possible I see,N,N,misc.hlqc.gold,misc.hlqc.gold:863,N,N,N,N,2
4,high_127,counsellor,364,35,that's good can you probably give me an example like the activities you did and when was the last time,864,62,that's good,O,FI,misc.hlqc.gold,misc.hlqc.gold:864,O,FA,"O

The target utterance ""that's good"" functions as a simple acknowledgment or facilitative utterance, which aligns with the ""Facilitate"" (FA) behavioral code under the ""Other/Neutral (O)"" category. It serves to encourage the client to continue speaking without adding new information or insight.",FA,2
4,high_127,counsellor,364,35,that's good can you probably give me an example like the activities you did and when was the last time,865,63,can you probably give me an example like the activities you did,Q,CQ,misc.hlqc.gold,misc.hlqc.gold:865,Q,CQ,Q (Open Question - OQ),**label**: Closed Question (CQ),10
4,high_127,counsellor,364,35,that's good can you probably give me an example like the activities you did and when was the last time,866,64,and when was the last time,Q,CQ,misc.hlqc.gold,misc.hlqc.gold:866,Q,CQ,Q (Open Question - OQ),**label**: CQ,6
4,high_127,client,365,36,I used to take my I used to go to the park with my kids um go play soccer with them but then these days they're on I palatal its best everyone that was about a couple of months ago I see,867,65,I used to take my I used to go to the park with my kids um go play soccer with them but then these days they're on I palatal its best everyone that was about a couple of months ago I see,N,N,misc.hlqc.gold,misc.hlqc.gold:867,N,N,N,**label**: N,5
4,high_127,counsellor,366,37,and how likely are you able to find time to exercise now,868,66,and how likely are you able to find time to exercise now,Q,CQ,misc.hlqc.gold,misc.hlqc.gold:868,Q,CQ,Q (Open Question - OQ),**label**: Closed Question (CQ),10
4,high_127,client,367,38,I'm sure that I'll be able to make time because if I try my best because my health is important to me,869,67,I'm sure that I'll be able to make time because if I try my best because my health is important to me,C,AB+,misc.hlqc.gold,misc.hlqc.gold:869,C,AB+,C,AB+,3
4,high_127,counsellor,368,39,mm-hmm and what makes you feel that now it was a good time to try something different,870,68,mm-hmm,O,FI,misc.hlqc.gold,misc.hlqc.gold:870,O,FA,O,**label**: FA,5
4,high_127,counsellor,368,39,mm-hmm and what makes you feel that now it was a good time to try something different,871,69,and what makes you feel that now it was a good time to try something different,Q,OQ,misc.hlqc.gold,misc.hlqc.gold:871,Q,OQ,Q (Open Question - OQ),**label**: OQ,6
4,high_127,client,369,40,I think it's important to make change before it's gets gets to a point I have to that we use with medication,872,70,I think it's important to make change before it's gets gets to a point I have to,C,R+,misc.hlqc.gold,misc.hlqc.gold:872,C,N+,C,N+,3
4,high_127,client,369,40,I think it's important to make change before it's gets gets to a point I have to that we use with medication,873,71,that we use with medication,C,R+,misc.hlqc.gold,misc.hlqc.gold:873,C,N+,C,N+,3
4,high_127,counsellor,370,41,mm-hmm so we should like to discuss some of the things you can do to make time to exercise,874,72,mm-hmm,O,FI,misc.hlqc.gold,misc.hlqc.gold:874,O,FA,O,**label**: FA,5
4,high_127,counsellor,370,41,mm-hmm so we should like to discuss some of the things you can do to make time to exercise,875,73,so we should like to discuss some of the things you can do to make time to exercise,Q,CQ,misc.hlqc.gold,misc.hlqc.gold:875,IMC,ADP,"IMC

**Explanation:**

The counsellor's utterance, ""so we should like to discuss some of the things you can do to make time to exercise,"" involves providing information or guidance on how the client can make time to exercise. 

1. **Check for Client Permission or Interest Expression:** The client has expressed a commitment to making time for exercise due to the importance of health and the desire to make changes before needing medication. This shows an openness and interest in discussing ways to achieve this goal.

2. **Check for Counsellor's Prior Permission-Seeking:** The counsellor has not explicitly asked for permission to discuss ways to make time for exercise, but the client's statements indicate a readiness to explore this topic.

Since the client has shown interest and openness to discussing ways to make time for exercise, permission is considered granted. Therefore, the counsellor's utterance is classified as **Imperative-MICO (IMC)**.",**label**: Advise With Permission (ADP),12
4,high_127,client,371,42,I could take the stairs inside an elevator and watching the brushy brushy store,876,74,I could take the stairs inside an elevator,C,AB+,misc.hlqc.gold,misc.hlqc.gold:876,C,TS+,C,TS+,3
4,high_127,client,371,42,I could take the stairs inside an elevator and watching the brushy brushy store,877,75,and watching the brushy brushy store,C,AB+,misc.hlqc.gold,misc.hlqc.gold:877,N,N,N,N,2
4,high_127,counsellor,372,43,well those are some great alternatives instead of going to gym you save a lot of time so did you we want to know did you want to know more things or ways to find time to exercise,878,76,well those are some great alternatives instead of going to gym you save a lot of time,CRL,CR,misc.hlqc.gold,misc.hlqc.gold:878,IMC,ADP,"IMC

**Explanation:**
The counsellor's utterance provides advice or suggestions (""great alternatives instead of going to gym you save a lot of time"") and is framed positively. The client has expressed interest in making changes and has provided examples of alternatives, which implies permission to discuss and suggest further alternatives. Therefore, the counsellor's advice is given with client permission, classifying it as **Imperative-MICO (IMC)**.",**Advise With Permission (ADP)**,10
4,high_127,counsellor,372,43,well those are some great alternatives instead of going to gym you save a lot of time so did you we want to know did you want to know more things or ways to find time to exercise,879,77,so did you we want to know,Q,CQ,misc.hlqc.gold,misc.hlqc.gold:879,O,FA,"O

The target utterance ""so did you we want to know"" appears to be a structural or facilitative utterance, likely intended to transition or clarify the conversation. It does not fit into any of the specific MI behavioural codes for reflective, imperative, or questioning categories. It seems to be an attempt to gather more information or clarify the client's previous statement, but it is not structured as a clear question or reflective statement. Therefore, it is best classified as ""Other/Neutral (O).""",FA,2
4,high_127,counsellor,372,43,well those are some great alternatives instead of going to gym you save a lot of time so did you we want to know did you want to know more things or ways to find time to exercise,880,78,did you want to know more things or ways to find time to exercise,Q,CQ,misc.hlqc.gold,misc.hlqc.gold:880,Q,CQ,Q,**label**: Closed Question (CQ),10
4,high_127,client,373,44,yes I feel like that'd be really helpful,881,79,yes,N,N,misc.hlqc.gold,misc.hlqc.gold:881,N,N,N,**label**: N,5
4,high_127,client,373,44,yes I feel like that'd be really helpful,882,80,I feel like that'd be really helpful,N,N,misc.hlqc.gold,misc.hlqc.gold:882,N,N,N,N,2
4,high_127,counsellor,374,45,okay so since you mentioned that spending time with your family was something that you really value ah you could probably and watching software he said you could you know put a treadmill like a exercise machine near your TV Here I am so you can exercise and watch your movie or software with your family and what you can also probably plan outdoor events or outings with your family something that your kids would enjoy so that they can be off their iPads and technology,883,81,okay so since you mentioned that spending time with your family was something that you really value,IMC,ADP,misc.hlqc.gold,misc.hlqc.gold:883,CRL,EC,"CRL (Complex Reflection) - Reframe (RF) 

The counsellor's utterance acknowledges and reframes the client's statement about valuing family time, suggesting a deeper understanding and connection to the client's values and priorities.",**EC**,4
4,high_127,counsellor,374,45,okay so since you mentioned that spending time with your family was something that you really value ah you could probably and watching software he said you could you know put a treadmill like a exercise machine near your TV Here I am so you can exercise and watch your movie or software with your family and what you can also probably plan outdoor events or outings with your family something that your kids would enjoy so that they can be off their iPads and technology,884,82,ah you could probably and watching software he said you could you know put a treadmill like a exercise machine near your TV,IMC,ADP,misc.hlqc.gold,misc.hlqc.gold:884,IMC,ADP,"IMC

The counsellor's utterance provides a suggestion for the client to place a treadmill near the TV, which is a form of advice. The client has previously expressed interest in finding more ways to exercise, indicating permission to receive such suggestions. Therefore, the utterance falls under the category of ""Imperative-MICO (IMC)"" as it provides advice with client permission.",**ADP**,5
4,high_127,counsellor,374,45,okay so since you mentioned that spending time with your family was something that you really value ah you could probably and watching software he said you could you know put a treadmill like a exercise machine near your TV Here I am so you can exercise and watch your movie or software with your family and what you can also probably plan outdoor events or outings with your family something that your kids would enjoy so that they can be off their iPads and technology,885,83,Here I am so you can exercise and watch your movie or software with your family,IMC,ADP,misc.hlqc.gold,misc.hlqc.gold:885,IMC,ADP,"IMC

The counsellor's final utterance provides a suggestion for the client to exercise while watching TV with their family. The client has previously expressed interest in finding more ways to incorporate exercise into their routine, which constitutes implicit permission for the counsellor to offer advice or suggestions. Therefore, the utterance falls under the category of ""Imperative-MICO (IMC)"" as it provides advice with client permission.",**Advise With Permission (ADP)**,10
4,high_127,counsellor,374,45,okay so since you mentioned that spending time with your family was something that you really value ah you could probably and watching software he said you could you know put a treadmill like a exercise machine near your TV Here I am so you can exercise and watch your movie or software with your family and what you can also probably plan outdoor events or outings with your family something that your kids would enjoy so that they can be off their iPads and technology,886,84,and what you can also probably plan outdoor events or outings with your family,IMC,ADP,misc.hlqc.gold,misc.hlqc.gold:886,IMC,ADP,"IMC

The counsellor's final utterance provides additional suggestions for the client to incorporate exercise into their routine, specifically by planning outdoor events or outings with their family. The client has previously expressed interest in finding more ways to exercise, which serves as implicit permission for the counsellor to offer advice or suggestions. Therefore, the utterance falls under the category of ""Imperative-MICO (IMC)"" as it involves giving advice with client permission.",**Advise With Permission (ADP)**,10
4,high_127,counsellor,374,45,okay so since you mentioned that spending time with your family was something that you really value ah you could probably and watching software he said you could you know put a treadmill like a exercise machine near your TV Here I am so you can exercise and watch your movie or software with your family and what you can also probably plan outdoor events or outings with your family something that your kids would enjoy so that they can be off their iPads and technology,887,85,something that your kids would enjoy so that they can be off their iPads and technology,IMC,ADP,misc.hlqc.gold,misc.hlqc.gold:887,CRL,RF,"CRL - Complex Reflection (CR) 

The counsellor's utterance adds significant meaning to the client's statement by emphasizing the potential enjoyment and engagement of the client's kids in outdoor activities, which aligns with the client's value of spending time with family. This reflects a deeper understanding of the client's perspective and goals.",**Reframe (RF)**,7
4,high_127,client,375,46,yeah,888,86,yeah,N,N,misc.hlqc.gold,misc.hlqc.gold:888,N,N,N,label: N,4
4,high_127,counsellor,376,47,those are something you can do maybe go jogging with your family,889,87,those are something you can do,IMC,ADP,misc.hlqc.gold,misc.hlqc.gold:889,O,FA,"O

The target utterance ""those are something you can do"" is a structural or facilitative statement that serves to summarize or conclude the suggestions made by the counsellor. It does not provide new information, advice, or ask a question, nor does it engage in reflective listening. Therefore, it falls under the ""Other/Neutral (O)"" category, specifically as a ""Structure (ST)"" code.",FA,2
4,high_127,counsellor,376,47,those are something you can do maybe go jogging with your family,890,88,maybe go jogging with your family,IMC,ADP,misc.hlqc.gold,misc.hlqc.gold:890,IMC,ADP,"IMC

**Explanation:**
- The counsellor's utterance ""maybe go jogging with your family"" is providing a suggestion or advice.
- The client has previously expressed interest in finding ways to incorporate exercise into their routine, particularly in ways that involve family time.
- This interest serves as implicit permission for the counsellor to offer suggestions related to exercise and family activities.
- Therefore, the counsellor's suggestion is given with client permission, classifying it under **Imperative-MICO (IMC)**.",**ADP**,5
4,high_127,client,377,48,yeah yeah I think those are some really doable strategy sagging contribute to my daily schedule,891,89,yeah yeah,N,N,misc.hlqc.gold,misc.hlqc.gold:891,N,N,N,**label**: N,5
4,high_127,client,377,48,yeah yeah I think those are some really doable strategy sagging contribute to my daily schedule,892,90,I think those are some really doable strategy,C,AB+,misc.hlqc.gold,misc.hlqc.gold:892,C,AC+,C,**Activation (AC+)**,7
4,high_127,client,377,48,yeah yeah I think those are some really doable strategy sagging contribute to my daily schedule,893,91,sagging contribute to my daily schedule,C,AB+,misc.hlqc.gold,misc.hlqc.gold:893,C,TS+,C,**TS+**,5
4,high_127,counsellor,378,49,mm-hmm so now that we have had this conversation um how do you feel about you know making time now to exercise,894,92,mm-hmm,O,FI,misc.hlqc.gold,misc.hlqc.gold:894,O,FA,O,**label**: FA,5
4,high_127,counsellor,378,49,mm-hmm so now that we have had this conversation um how do you feel about you know making time now to exercise,895,93,so now that we have had this conversation,O,FI,misc.hlqc.gold,misc.hlqc.gold:895,O,ST,"O

The target utterance ""so now that we have had this conversation"" serves as a transition or structural statement, indicating a shift or conclusion in the session. It does not engage in any specific MI technique or provide advice, information, or reflection. Therefore, it falls under the ""Other/Neutral (O)"" category, specifically as a ""Structure (ST)"" code.",ST,2
4,high_127,counsellor,378,49,mm-hmm so now that we have had this conversation um how do you feel about you know making time now to exercise,896,94,um how do you feel about you know making time now to exercise,Q,OQ,misc.hlqc.gold,misc.hlqc.gold:896,Q,CQ,Q (Open Question),**label**: CQ,6
4,high_127,client,379,50,mmm now that I have different ideas on how to exercise I feel more comfortable or capable of finding time to exercise,897,95,mmm now that I have different ideas on how to exercise,N,N,misc.hlqc.gold,misc.hlqc.gold:897,N,N,N,**label**: N,5
4,high_127,client,379,50,mmm now that I have different ideas on how to exercise I feel more comfortable or capable of finding time to exercise,898,96,I feel more comfortable or capable of finding time to exercise,C,AB+,misc.hlqc.gold,misc.hlqc.gold:898,C,AB+,C,AB+,3
4,high_127,counsellor,380,51,and would you like you know other maybe more sessions to follow up,899,97,and would you like you know other maybe more sessions to follow up,Q,CQ,misc.hlqc.gold,misc.hlqc.gold:899,Q,CQ,Q,**label**: CQ,6
4,high_127,client,381,52,yeah that would be really helpful,900,98,yeah that would be really helpful,N,N,misc.hlqc.gold,misc.hlqc.gold:900,N,N,N,N,2
4,high_127,counsellor,382,53,sure and when would you like that for probably,901,99,sure,O,FI,misc.hlqc.gold,misc.hlqc.gold:901,O,FA,"O

The target utterance ""sure"" is a simple acknowledgment that functions as a ""keep-going"" response, which aligns with the ""Facilitate"" (FA) behavioral code under the ""Other/Neutral (O)"" category. It does not engage in any specific MI technique but serves to facilitate the conversation.",FA,2
4,high_127,counsellor,382,53,sure and when would you like that for probably,902,100,and when would you like that for probably,Q,CQ,misc.hlqc.gold,misc.hlqc.gold:902,Q,CQ,Q (Open Question - OQ),**label**: CQ,6
4,high_127,client,383,54,um next month,903,101,um,N,N,misc.hlqc.gold,misc.hlqc.gold:903,N,N,N,N,2
4,high_127,client,383,54,um next month,904,102,next month,N,N,misc.hlqc.gold,misc.hlqc.gold:904,N,N,N,N,2
4,high_127,counsellor,384,55,okay sure see you next what then and I really appreciate you showing up today and making an effort to come here to discuss your condition and you know what making time to exercise for your diabetes,905,103,okay sure see you next what then,O,FI,misc.hlqc.gold,misc.hlqc.gold:905,O,ST,"O

The counsellor's final utterance, ""okay sure see you next what then,"" is a structural or facilitative utterance used to make a transition or to conclude the session. It does not engage in any specific MI technique and is best classified under ""Other/Neutral (O)"" with the behavioral code ""Structure (ST).""",ST,2
4,high_127,counsellor,384,55,okay sure see you next what then and I really appreciate you showing up today and making an effort to come here to discuss your condition and you know what making time to exercise for your diabetes,906,104,and I really appreciate you showing up today,CRL,AF,misc.hlqc.gold,misc.hlqc.gold:906,CRL,AF,CRL (Affirm),AF,2
4,high_127,counsellor,384,55,okay sure see you next what then and I really appreciate you showing up today and making an effort to come here to discuss your condition and you know what making time to exercise for your diabetes,907,105,and making an effort to come here to discuss your condition,CRL,AF,misc.hlqc.gold,misc.hlqc.gold:907,CRL,AF,CRL: Affirm (AF),AF,2
4,high_127,counsellor,384,55,okay sure see you next what then and I really appreciate you showing up today and making an effort to come here to discuss your condition and you know what making time to exercise for your diabetes,908,106,and you know what making time to exercise for your diabetes,CRL,AF,misc.hlqc.gold,misc.hlqc.gold:908,CRL,AF,CRL: Affirm (AF),AF,2
4,high_127,client,385,56,thank you,909,107,thank you,N,N,misc.hlqc.gold,misc.hlqc.gold:909,N,N,N,N,2
4,high_127,counsellor,386,57,thank you for your time,910,108,thank you for your time,O,FI,misc.hlqc.gold,misc.hlqc.gold:910,O,FI,"O

The target utterance ""thank you for your time"" is a structural or facilitative utterance that does not engage in MI techniques. It serves as a polite closing remark, fitting the ""Structure (ST)"" behavioral code under the ""Other/Neutral (O)"" category.",FI,2
7,low_031,counsellor,576,0,I you know you don't have to sign up if you don't want to but you know I'm kind of here to like fix things for you and just make sure everything goes no real smoothly with the different issues that you've been having and just kind of oh you know kind of manage things and just take care of stuff so you know it's again if you want the service you can have it but it's kind of up to you but I am here if you want me to be and you know I'll couldn't kind of teach you about things you might not know about or tell you some things about your house and you know just Marlys make sure everything goes okay so you know you think that might be something you'd be interested in wanting to be a part of because I'd you know really like to help you,1367,0,I you know you don't have to sign up if you don't want to,CRL,EC,misc.hlqc.gold,misc.hlqc.gold:1367,O,ST,"O

The utterance ""I you know you don't have to sign up if you don't want to"" is a structural or facilitative statement. It serves to reassure the client about their autonomy and freedom of choice regarding signing up, which aligns with the ""Emphasize Control"" (EC) aspect of CRL. However, since it is primarily a structural statement ensuring the client understands their options, it is best classified under ""Other/Neutral (O)"" with the specific behavioral code ""Structure (ST).""",ST,2
7,low_031,counsellor,576,0,I you know you don't have to sign up if you don't want to but you know I'm kind of here to like fix things for you and just make sure everything goes no real smoothly with the different issues that you've been having and just kind of oh you know kind of manage things and just take care of stuff so you know it's again if you want the service you can have it but it's kind of up to you but I am here if you want me to be and you know I'll couldn't kind of teach you about things you might not know about or tell you some things about your house and you know just Marlys make sure everything goes okay so you know you think that might be something you'd be interested in wanting to be a part of because I'd you know really like to help you,1368,1,but you know I'm kind of here to like fix things for you,O,ST,misc.hlqc.gold,misc.hlqc.gold:1368,IMI,ADW,"IMI

The counsellor's utterance ""but you know I'm kind of here to like fix things for you"" is an example of **Confront (CO)**. The counsellor is implying that they have the ability or responsibility to ""fix things"" for the client, which can be seen as a form of directing or assuming control over the client's situation without seeking the client's permission. This approach does not align with the principles of Motivational Interviewing, which emphasize client autonomy and collaboration.",**Advise Without Permission (ADW)**,10
7,low_031,counsellor,576,0,I you know you don't have to sign up if you don't want to but you know I'm kind of here to like fix things for you and just make sure everything goes no real smoothly with the different issues that you've been having and just kind of oh you know kind of manage things and just take care of stuff so you know it's again if you want the service you can have it but it's kind of up to you but I am here if you want me to be and you know I'll couldn't kind of teach you about things you might not know about or tell you some things about your house and you know just Marlys make sure everything goes okay so you know you think that might be something you'd be interested in wanting to be a part of because I'd you know really like to help you,1369,2,and just make sure everything goes no real smoothly with the different issues that you've been having,O,ST,misc.hlqc.gold,misc.hlqc.gold:1369,IMI,ADW,"IMI

The counsellor's utterance provides assurance and implies a directive to ""fix things"" and ensure smooth progress without seeking explicit permission from the client. This aligns with the ""Direct (DI)"" behavioral code under the ""Imperative-MIIN (IMI)"" category.",**Advise Without Permission (ADW)**,10
7,low_031,counsellor,576,0,I you know you don't have to sign up if you don't want to but you know I'm kind of here to like fix things for you and just make sure everything goes no real smoothly with the different issues that you've been having and just kind of oh you know kind of manage things and just take care of stuff so you know it's again if you want the service you can have it but it's kind of up to you but I am here if you want me to be and you know I'll couldn't kind of teach you about things you might not know about or tell you some things about your house and you know just Marlys make sure everything goes okay so you know you think that might be something you'd be interested in wanting to be a part of because I'd you know really like to help you,1370,3,and just kind of oh you know kind of manage things and just take care of stuff,O,ST,misc.hlqc.gold,misc.hlqc.gold:1370,IMI,ADW,"IMI

The counsellor's utterance ""and just kind of oh you know kind of manage things and just take care of stuff"" involves directing or managing the client's issues without seeking permission. This falls under the category of ""Direct (DI)"" within the **Imperative-MIIN (IMI)** group, as it implies taking control over the client's situation without explicit or implicit permission from the client.",**Advise Without Permission (ADW)**,10
7,low_031,counsellor,576,0,I you know you don't have to sign up if you don't want to but you know I'm kind of here to like fix things for you and just make sure everything goes no real smoothly with the different issues that you've been having and just kind of oh you know kind of manage things and just take care of stuff so you know it's again if you want the service you can have it but it's kind of up to you but I am here if you want me to be and you know I'll couldn't kind of teach you about things you might not know about or tell you some things about your house and you know just Marlys make sure everything goes okay so you know you think that might be something you'd be interested in wanting to be a part of because I'd you know really like to help you,1371,4,so you know it's again if you want the service you can have it,CRL,EC,misc.hlqc.gold,misc.hlqc.gold:1371,O,ST,"O

The target utterance ""so you know it's again if you want the service you can have it"" functions as a structural or facilitative statement. It is essentially reiterating the availability of a service, which is more about providing information about what is available rather than engaging in a motivational interviewing technique. It does not fit into the categories of reflective, imperative, or questioning as defined in the classification categories. Therefore, it is best classified under ""Other/Neutral (O)"" with the specific behavioral code of ""Structure (ST).""",ST,2
7,low_031,counsellor,576,0,I you know you don't have to sign up if you don't want to but you know I'm kind of here to like fix things for you and just make sure everything goes no real smoothly with the different issues that you've been having and just kind of oh you know kind of manage things and just take care of stuff so you know it's again if you want the service you can have it but it's kind of up to you but I am here if you want me to be and you know I'll couldn't kind of teach you about things you might not know about or tell you some things about your house and you know just Marlys make sure everything goes okay so you know you think that might be something you'd be interested in wanting to be a part of because I'd you know really like to help you,1372,5,but it's kind of up to you,CRL,EC,misc.hlqc.gold,misc.hlqc.gold:1372,O,FA,"O

The utterance ""but it's kind of up to you"" is a facilitative statement that emphasizes the client's autonomy and freedom of choice, aligning with the ""Emphasize Control"" (EC) code under C-Reflective (CRL). However, since it is a brief, standalone statement without additional context or elaboration, it is best classified under ""Other/Neutral (O)"" as a structural or facilitative utterance.",**label**: Facilitate (FA),10
7,low_031,counsellor,576,0,I you know you don't have to sign up if you don't want to but you know I'm kind of here to like fix things for you and just make sure everything goes no real smoothly with the different issues that you've been having and just kind of oh you know kind of manage things and just take care of stuff so you know it's again if you want the service you can have it but it's kind of up to you but I am here if you want me to be and you know I'll couldn't kind of teach you about things you might not know about or tell you some things about your house and you know just Marlys make sure everything goes okay so you know you think that might be something you'd be interested in wanting to be a part of because I'd you know really like to help you,1373,6,but I am here if you want me to be,CRL,EC,misc.hlqc.gold,misc.hlqc.gold:1373,O,FA,"O

The target utterance ""but I am here if you want me to be"" is a facilitative statement that functions as a ""keep-going"" acknowledgment, indicating the counsellor's availability and support without directly engaging in any specific MI technique. It does not provide advice, raise concerns, or ask questions, nor does it reflect or summarize the client's statements. Therefore, it falls under the ""Other/Neutral"" category with the behavioral code ""Facilitate (FA).""",**label**: Facilitate (FA),10
7,low_031,counsellor,576,0,I you know you don't have to sign up if you don't want to but you know I'm kind of here to like fix things for you and just make sure everything goes no real smoothly with the different issues that you've been having and just kind of oh you know kind of manage things and just take care of stuff so you know it's again if you want the service you can have it but it's kind of up to you but I am here if you want me to be and you know I'll couldn't kind of teach you about things you might not know about or tell you some things about your house and you know just Marlys make sure everything goes okay so you know you think that might be something you'd be interested in wanting to be a part of because I'd you know really like to help you,1374,7,and you know I'll couldn't kind of teach you about things you might not know about,O,ST,misc.hlqc.gold,misc.hlqc.gold:1374,O,ST,"O

The target utterance ""and you know I'll couldn't kind of teach you about things you might not know about"" appears to be a grammatical error or incomplete thought. It does not fit into any of the specific MI behavioural codes as it does not convey a clear message or function. Therefore, it is classified as ""Other/Neutral (O)"" under the ""Filler (FI)"" code, as it seems to be a structural or facilitative utterance that does not engage in MI techniques.",ST,2
7,low_031,counsellor,576,0,I you know you don't have to sign up if you don't want to but you know I'm kind of here to like fix things for you and just make sure everything goes no real smoothly with the different issues that you've been having and just kind of oh you know kind of manage things and just take care of stuff so you know it's again if you want the service you can have it but it's kind of up to you but I am here if you want me to be and you know I'll couldn't kind of teach you about things you might not know about or tell you some things about your house and you know just Marlys make sure everything goes okay so you know you think that might be something you'd be interested in wanting to be a part of because I'd you know really like to help you,1375,8,or tell you some things about your house,O,ST,misc.hlqc.gold,misc.hlqc.gold:1375,IMC,GI,"IMC

- **Behavioural Code**: Give Information (GI)
- **Permission Chain of Thought**:
  1. **Client Permission or Interest Expression**: The client has not explicitly or implicitly expressed interest or permission in this specific part of the transcript.
  2. **Counsellor's Prior Permission-Seeking**: The counsellor has previously asked for permission by stating, ""I you know you don't have to sign up if you don't want to but you know I'm kind of here to like fix things for you..."" This indicates an offer of service and implies permission to provide information if the client is interested.
  3. **Permission Granted**: Based on the counsellor's prior statement, permission is considered granted for providing information related to the service offered.
- **Conclusion**: The counsellor is providing information about what they can do, which is related to the overarching discussion of offering services, and permission has been granted.",**GI**,4
7,low_031,counsellor,576,0,I you know you don't have to sign up if you don't want to but you know I'm kind of here to like fix things for you and just make sure everything goes no real smoothly with the different issues that you've been having and just kind of oh you know kind of manage things and just take care of stuff so you know it's again if you want the service you can have it but it's kind of up to you but I am here if you want me to be and you know I'll couldn't kind of teach you about things you might not know about or tell you some things about your house and you know just Marlys make sure everything goes okay so you know you think that might be something you'd be interested in wanting to be a part of because I'd you know really like to help you,1376,9,and you know just Marlys make sure everything goes okay,O,ST,misc.hlqc.gold,misc.hlqc.gold:1376,O,ST,"O

The target utterance ""and you know just Marlys make sure everything goes okay"" is a structural or facilitative utterance that does not engage in MI techniques. It appears to be a part of the counsellor's attempt to maintain rapport or provide a personal touch, but it does not fit into any of the specific MI behavioural codes. Therefore, it is classified as ""Other/Neutral (O).""",ST,2
7,low_031,counsellor,576,0,I you know you don't have to sign up if you don't want to but you know I'm kind of here to like fix things for you and just make sure everything goes no real smoothly with the different issues that you've been having and just kind of oh you know kind of manage things and just take care of stuff so you know it's again if you want the service you can have it but it's kind of up to you but I am here if you want me to be and you know I'll couldn't kind of teach you about things you might not know about or tell you some things about your house and you know just Marlys make sure everything goes okay so you know you think that might be something you'd be interested in wanting to be a part of because I'd you know really like to help you,1377,10,so you know you think that might be something you'd be interested in wanting to be a part of,O,ST,misc.hlqc.gold,misc.hlqc.gold:1377,O,ST,"O

The target utterance is a facilitative statement encouraging the client to consider their interest in the service being offered. It does not provide advice, raise concerns, or give information without permission, nor does it ask a question or reflect the client's statements. Instead, it serves as a gentle prompt for the client to think about their interest, fitting the ""Other/Neutral"" category with a focus on facilitation.",**label**: Structure (ST),8
7,low_031,counsellor,576,0,I you know you don't have to sign up if you don't want to but you know I'm kind of here to like fix things for you and just make sure everything goes no real smoothly with the different issues that you've been having and just kind of oh you know kind of manage things and just take care of stuff so you know it's again if you want the service you can have it but it's kind of up to you but I am here if you want me to be and you know I'll couldn't kind of teach you about things you might not know about or tell you some things about your house and you know just Marlys make sure everything goes okay so you know you think that might be something you'd be interested in wanting to be a part of because I'd you know really like to help you,1378,11,because I'd you know really like to help you,O,ST,misc.hlqc.gold,misc.hlqc.gold:1378,O,FA,"O

The target utterance ""because I'd you know really like to help you"" is a neutral statement that does not fit into any of the specific MI behavioural codes. It serves as a closing remark expressing the counsellor's willingness to help, but it does not provide advice, raise concerns, ask questions, or reflect on the client's statements in a way that aligns with the defined categories. Therefore, it is classified as ""Other/Neutral (O).""",**label**: Facilitate (FA),10
7,low_031,client,577,1,okay well sure when you put it that way sure,1379,12,okay well sure,N,N,misc.hlqc.gold,misc.hlqc.gold:1379,N,N,N,**label**: N,5
7,low_031,client,577,1,okay well sure when you put it that way sure,1380,13,when you put it that way,N,N,misc.hlqc.gold,misc.hlqc.gold:1380,N,N,N,**label**: N,5
7,low_031,client,577,1,okay well sure when you put it that way sure,1381,14,sure,N,N,misc.hlqc.gold,misc.hlqc.gold:1381,N,N,N,**label**: N,5
7,low_031,counsellor,578,2,because it seems like I you know you've expressed some health issues lately and I know you've had a lot of problems with your weight so that's certainly something we can talk about and I know a lot about you know weight loss and have helped a lot of people with you know managing their weight and figuring out what they need to do so you know what are your main problems about your weight I mean why is it a problem for you,1382,15,because it seems like I you know you've expressed some health issues lately,SRL,SR,misc.hlqc.gold,misc.hlqc.gold:1382,SRL,SR,"SRL

The counsellor's final utterance is a simple reflection (SR) of the client's previous statements, summarizing the client's expression of health issues without adding new insight or interpretation.",**label**: Simple Reflection (SR),9
7,low_031,counsellor,578,2,because it seems like I you know you've expressed some health issues lately and I know you've had a lot of problems with your weight so that's certainly something we can talk about and I know a lot about you know weight loss and have helped a lot of people with you know managing their weight and figuring out what they need to do so you know what are your main problems about your weight I mean why is it a problem for you,1383,16,and I know you've had a lot of problems with your weight,SRL,SR,misc.hlqc.gold,misc.hlqc.gold:1383,SRL,SR,"SRL

**Explanation**: The target utterance ""and I know you've had a lot of problems with your weight"" is a simple reflection (SR) of the client's previous statements about health issues. It mirrors the client's concerns without adding new insight or interpretation, fitting the definition of SRL.",**label**: Simple Reflection (SR),9
7,low_031,counsellor,578,2,because it seems like I you know you've expressed some health issues lately and I know you've had a lot of problems with your weight so that's certainly something we can talk about and I know a lot about you know weight loss and have helped a lot of people with you know managing their weight and figuring out what they need to do so you know what are your main problems about your weight I mean why is it a problem for you,1384,17,so that's certainly something we can talk about,O,ST,misc.hlqc.gold,misc.hlqc.gold:1384,SRL,SR,"SRL

The counsellor's final utterance, ""so that's certainly something we can talk about,"" is a Simple Reflection (SR). It mirrors the client's expressed concerns about health issues and weight problems without adding new insight or information, aligning with the definition of Simple Reflection.",**label**: Simple Reflection (SR),9
7,low_031,counsellor,578,2,because it seems like I you know you've expressed some health issues lately and I know you've had a lot of problems with your weight so that's certainly something we can talk about and I know a lot about you know weight loss and have helped a lot of people with you know managing their weight and figuring out what they need to do so you know what are your main problems about your weight I mean why is it a problem for you,1385,18,and I know a lot about you know weight loss,O,ST,misc.hlqc.gold,misc.hlqc.gold:1385,IMI,ADW,"IMI

The counsellor's final utterance, ""and I know a lot about you know weight loss,"" is providing information about their expertise in weight loss without seeking or receiving explicit permission from the client to do so. The client's previous response, ""okay well sure when you put it that way sure,"" does not explicitly grant permission for the counsellor to provide this specific information. Therefore, the utterance falls under the category of **Imperative-MIIN (IMI)**, as it provides information without client permission.",**Advise Without Permission (ADW)**,10
7,low_031,counsellor,578,2,because it seems like I you know you've expressed some health issues lately and I know you've had a lot of problems with your weight so that's certainly something we can talk about and I know a lot about you know weight loss and have helped a lot of people with you know managing their weight and figuring out what they need to do so you know what are your main problems about your weight I mean why is it a problem for you,1386,19,and have helped a lot of people with you know managing their weight and figuring out what they need to do,O,ST,misc.hlqc.gold,misc.hlqc.gold:1386,IMI,ADW,"IMI

The counsellor's final utterance provides information about their experience with weight management without explicitly seeking or receiving permission from the client to do so. The client's previous response (""okay well sure when you put it that way sure"") does not explicitly grant permission for advice or information about weight management; it is more of an acknowledgment of the service offer. Therefore, the counsellor's statement falls under ""Imperative-MIIN (IMI)"" as it provides information without explicit permission.",**Advise Without Permission (ADW)**,10
7,low_031,counsellor,578,2,because it seems like I you know you've expressed some health issues lately and I know you've had a lot of problems with your weight so that's certainly something we can talk about and I know a lot about you know weight loss and have helped a lot of people with you know managing their weight and figuring out what they need to do so you know what are your main problems about your weight I mean why is it a problem for you,1387,20,so you know what are your main problems about your weight,Q,OQ,misc.hlqc.gold,misc.hlqc.gold:1387,Q,CQ,Q (Open Question - OQ),**label**: CQ,6
7,low_031,counsellor,578,2,because it seems like I you know you've expressed some health issues lately and I know you've had a lot of problems with your weight so that's certainly something we can talk about and I know a lot about you know weight loss and have helped a lot of people with you know managing their weight and figuring out what they need to do so you know what are your main problems about your weight I mean why is it a problem for you,1388,21,I mean why is it a problem for you,Q,OQ,misc.hlqc.gold,misc.hlqc.gold:1388,Q,CQ,Q (Open Question - OQ),**label**: CQ,6
7,low_031,client,579,3,um I eat too much,1389,22,um I eat too much,N,N,misc.hlqc.gold,misc.hlqc.gold:1389,C,O+,C,O+,3
7,low_031,counsellor,580,4,you eat too much,1390,23,you eat too much,SRL,SR,misc.hlqc.gold,misc.hlqc.gold:1390,SRL,SR,SRL (Simple Reflection - SR),**label**: Simple Reflection (SR),9
7,low_031,client,581,5,yeah,1391,24,yeah,N,N,misc.hlqc.gold,misc.hlqc.gold:1391,N,N,N,label: N,4
7,low_031,counsellor,582,6,so why do you eat too much I mean how is that a problem,1392,25,so why do you eat too much,Q,OQ,misc.hlqc.gold,misc.hlqc.gold:1392,Q,CQ,Q (Open Question - OQ),**label**: CQ,6
7,low_031,counsellor,582,6,so why do you eat too much I mean how is that a problem,1393,26,I mean how is that a problem,Q,OQ,misc.hlqc.gold,misc.hlqc.gold:1393,Q,CQ,Q (Open Question - OQ),**label**: CQ,6
7,low_031,client,583,7,because whenever I'm stressed out about anything it makes me feel relaxed and calm,1394,27,because whenever I'm stressed out about anything it makes me feel relaxed and calm,N,N,misc.hlqc.gold,misc.hlqc.gold:1394,S,R-,S,R-,3
7,low_031,counsellor,584,8,so you like it you just like eating food so you just kind of eat more than you know you should be eating yes like do you know about portion control has anyone told you about like you know a card size for a piece of meat or some salad I mean have you has anyone showed you that cuz I can pull out our,1395,28,so you like it,SRL,SR,misc.hlqc.gold,misc.hlqc.gold:1395,SRL,SR,SRL (Simple Reflection) - Simple Reflection (SR),**label**: Simple Reflection (SR),9
7,low_031,counsellor,584,8,so you like it you just like eating food so you just kind of eat more than you know you should be eating yes like do you know about portion control has anyone told you about like you know a card size for a piece of meat or some salad I mean have you has anyone showed you that cuz I can pull out our,1396,29,you just like eating food,SRL,SR,misc.hlqc.gold,misc.hlqc.gold:1396,SRL,SR,SRL - Simple Reflection (SR),**label**: Simple Reflection (SR),9
7,low_031,counsellor,584,8,so you like it you just like eating food so you just kind of eat more than you know you should be eating yes like do you know about portion control has anyone told you about like you know a card size for a piece of meat or some salad I mean have you has anyone showed you that cuz I can pull out our,1397,30,so you just kind of eat more than you know you should be eating,CRL,CR,misc.hlqc.gold,misc.hlqc.gold:1397,SRL,SR,SRL (Simple Reflection) - Simple Reflection (SR),**label**: Simple Reflection (SR),9
7,low_031,counsellor,584,8,so you like it you just like eating food so you just kind of eat more than you know you should be eating yes like do you know about portion control has anyone told you about like you know a card size for a piece of meat or some salad I mean have you has anyone showed you that cuz I can pull out our,1398,31,yes like do you know about portion control,IMI,ADW,misc.hlqc.gold,misc.hlqc.gold:1398,Q,CQ,Q (Open Question - OQ),CQ,3
7,low_031,counsellor,584,8,so you like it you just like eating food so you just kind of eat more than you know you should be eating yes like do you know about portion control has anyone told you about like you know a card size for a piece of meat or some salad I mean have you has anyone showed you that cuz I can pull out our,1399,32,has anyone told you about like you know a card size for a piece of meat or some salad,IMI,ADW,misc.hlqc.gold,misc.hlqc.gold:1399,IMC,GI,"IMC

**Explanation:**
- The counsellor is providing information about portion control, which is a form of advice or guidance.
- The client has expressed a problem related to eating too much, indicating an interest in understanding or managing their eating habits.
- The counsellor's question about whether anyone has told the client about portion control suggests seeking permission to provide information, as it invites the client to share their knowledge or interest in the topic.
- Since the client has shown interest in their eating habits and the counsellor is asking for permission to provide information, this falls under ""Imperative-MICO (IMC)"" with client permission.",**GI**,4
7,low_031,counsellor,584,8,so you like it you just like eating food so you just kind of eat more than you know you should be eating yes like do you know about portion control has anyone told you about like you know a card size for a piece of meat or some salad I mean have you has anyone showed you that cuz I can pull out our,1400,33,I mean have you has anyone showed you that,IMI,ADW,misc.hlqc.gold,misc.hlqc.gold:1400,O,ST,"O

The target utterance ""I mean have you has anyone showed you that"" is a grammatically incorrect attempt to ask a question about whether the client has been shown information about portion control. It functions as an open question, but due to its grammatical errors, it does not fit neatly into the ""Open Question (OQ)"" category. Instead, it is best classified as ""Other/Neutral (O)"" under the ""Structure (ST)"" code, as it serves a structural purpose in the conversation by attempting to transition into discussing portion control.",ST,2
7,low_031,counsellor,584,8,so you like it you just like eating food so you just kind of eat more than you know you should be eating yes like do you know about portion control has anyone told you about like you know a card size for a piece of meat or some salad I mean have you has anyone showed you that cuz I can pull out our,1401,34,cuz I can pull out our,IMI,ADW,misc.hlqc.gold,misc.hlqc.gold:1401,O,ST,"O

The target utterance ""cuz I can pull out our"" is a structural or facilitative utterance that does not engage in any specific MI technique. It appears to be setting up to provide information or resources, but as it stands, it is incomplete and does not convey a full message or action. Therefore, it falls under the ""Other/Neutral (O)"" category, specifically as a ""Structure (ST)"" since it seems to be transitioning to offering resources.",ST,2
7,low_031,client,585,9,yeah yeah,1402,35,yeah yeah,N,N,misc.hlqc.gold,misc.hlqc.gold:1402,N,N,N,N,2
7,low_031,counsellor,586,10,samples and give you those that I could probably tell you about it,1403,36,samples and give you those that I could probably tell you about it,IMI,ADW,misc.hlqc.gold,misc.hlqc.gold:1403,IMC,GI,"IMC

The counsellor's final utterance involves offering to provide samples and information about portion control, which is a form of giving information. The client has shown interest by responding affirmatively (""yeah yeah"") to the counsellor's previous question about portion control, indicating implicit permission to provide this information. Therefore, the utterance is classified as Imperative-MICO (IMC).",**GI**,4
7,low_031,client,587,11,you could tell me about it,1404,37,you could tell me about it,N,N,misc.hlqc.gold,misc.hlqc.gold:1404,N,N,N,N,2
7,low_031,counsellor,588,12,I mean about what you should be eating for yeah meat size and like you know baseball size for fruit so it's not that you don't know about it you you you do know about poor lighting control,1405,38,I mean about what you should be eating for yeah meat size and like you know baseball size for fruit,IMC,ADP,misc.hlqc.gold,misc.hlqc.gold:1405,IMC,GI,"IMC

The counsellor's final utterance provides information about portion sizes for meat and fruit, which is a form of giving information (GI). The client has explicitly given permission by saying, ""you could tell me about it,"" which satisfies the Permission Chain of Thought. Therefore, the utterance is classified as Imperative-MICO (IMC).",**GI**,4
7,low_031,counsellor,588,12,I mean about what you should be eating for yeah meat size and like you know baseball size for fruit so it's not that you don't know about it you you you do know about poor lighting control,1406,39,so it's not that you don't know about it,IMI,CO,misc.hlqc.gold,misc.hlqc.gold:1406,SRL,SR,"SRL (Simple Reflection) - Simple Reflection (SR) 

The counsellor's utterance ""so it's not that you don't know about it"" is a simple reflection of the client's acknowledgment that they are aware of portion control. It paraphrases the client's understanding without adding new insight.",**label**: Simple Reflection (SR),9
7,low_031,counsellor,588,12,I mean about what you should be eating for yeah meat size and like you know baseball size for fruit so it's not that you don't know about it you you you do know about poor lighting control,1407,40,you you you do know about poor lighting control,IMI,CO,misc.hlqc.gold,misc.hlqc.gold:1407,SRL,SR,"SRL (Simple Reflection) - Simple Reflection (SR) 

The counsellor's utterance is a repetition of the client's statement with slight rephrasing, reflecting what the client has said without adding new insight.",**label**: Simple Reflection (SR),9
7,low_031,client,589,13,yeah,1408,41,yeah,N,N,misc.hlqc.gold,misc.hlqc.gold:1408,N,N,N,label: N,4
7,low_031,counsellor,590,14,so if you know how much you should be eating and then how is it a means you know how much you should be eating then how do you stop,1409,42,so if you know how much you should be eating,IMC,ADP,misc.hlqc.gold,misc.hlqc.gold:1409,SRL,SR,"SRL (Simple Reflection) - Simple Reflection (SR) 

The counsellor's utterance ""so if you know how much you should be eating"" is a simple reflection of the client's previous statement, indicating understanding and mirroring the client's acknowledgment of knowing about portion sizes.",**label**: Simple Reflection (SR),9
7,low_031,counsellor,590,14,so if you know how much you should be eating and then how is it a means you know how much you should be eating then how do you stop,1410,43,and then how is it a means you know how much you should be eating,IMC,ADP,misc.hlqc.gold,misc.hlqc.gold:1410,SRL,SR,SRL,**label**: Simple Reflection (SR),9
7,low_031,counsellor,590,14,so if you know how much you should be eating and then how is it a means you know how much you should be eating then how do you stop,1411,44,then how do you stop,IMC,ADP,misc.hlqc.gold,misc.hlqc.gold:1411,Q,CQ,Q,**label**: CQ,6
7,low_031,client,591,15,well I guess you told me that you know a lot and you can fix my problem so that that's interesting I'm that's one of the reasons why I decided to participate so I was wondering if you could tell me,1412,45,well I guess you told me that you know a lot and you can fix my problem,N,N,misc.hlqc.gold,misc.hlqc.gold:1412,N,N,N,**label**: N,5
7,low_031,client,591,15,well I guess you told me that you know a lot and you can fix my problem so that that's interesting I'm that's one of the reasons why I decided to participate so I was wondering if you could tell me,1413,46,so that that's interesting,N,N,misc.hlqc.gold,misc.hlqc.gold:1413,N,N,N,**label**: N,5
7,low_031,client,591,15,well I guess you told me that you know a lot and you can fix my problem so that that's interesting I'm that's one of the reasons why I decided to participate so I was wondering if you could tell me,1414,47,I'm that's one of the reasons why I decided to participate,N,N,misc.hlqc.gold,misc.hlqc.gold:1414,N,N,N,**label**: N,5
7,low_031,client,591,15,well I guess you told me that you know a lot and you can fix my problem so that that's interesting I'm that's one of the reasons why I decided to participate so I was wondering if you could tell me,1415,48,so I was wondering if you could tell me,N,N,misc.hlqc.gold,misc.hlqc.gold:1415,N,N,N,N,2
7,low_031,counsellor,592,16,well that's great I could do about this yeah because you know there's there's just so many different things when it comes to like weight loss you know and really being able to have some self-control I mean that's a really really important factor this is really being able to have some self-control and you know I found a lot of people just really need to increase their fruits and their vegetables and just not eat any processed foods and you know not eat any anything that might be kind of junk but then you know not not cheat either I mean you want to be able let yourself have some ice cream or some things that you might really like from time to time because you know you don't want to completely not let yourself have good stuff either so,1416,49,well that's great I could do about this yeah because you know there's there's just so many different things when it comes to like weight loss you know,IMC,ADP,misc.hlqc.gold,misc.hlqc.gold:1416,IMI,ADW,"IMI

The counsellor's utterance provides information about weight loss without explicitly seeking or receiving permission from the client to do so. The client expressed interest in receiving information, but the counsellor did not ask for permission before providing it, thus classifying it as ""Imperative-MIIN (IMI).""",**Advise Without Permission (ADW)**,10
7,low_031,counsellor,592,16,well that's great I could do about this yeah because you know there's there's just so many different things when it comes to like weight loss you know and really being able to have some self-control I mean that's a really really important factor this is really being able to have some self-control and you know I found a lot of people just really need to increase their fruits and their vegetables and just not eat any processed foods and you know not eat any anything that might be kind of junk but then you know not not cheat either I mean you want to be able let yourself have some ice cream or some things that you might really like from time to time because you know you don't want to completely not let yourself have good stuff either so,1417,50,and really being able to have some self-control I mean that's a really really important factor,IMC,ADP,misc.hlqc.gold,misc.hlqc.gold:1417,CRL,EC,CRL - Emphasize Control (EC),**EC**,4
7,low_031,counsellor,592,16,well that's great I could do about this yeah because you know there's there's just so many different things when it comes to like weight loss you know and really being able to have some self-control I mean that's a really really important factor this is really being able to have some self-control and you know I found a lot of people just really need to increase their fruits and their vegetables and just not eat any processed foods and you know not eat any anything that might be kind of junk but then you know not not cheat either I mean you want to be able let yourself have some ice cream or some things that you might really like from time to time because you know you don't want to completely not let yourself have good stuff either so,1418,51,this is really being able to have some self-control,IMC,ADP,misc.hlqc.gold,misc.hlqc.gold:1418,SRL,SR,"SRL

The counsellor's utterance ""this is really being able to have some self-control"" is a paraphrase of the client's previous statements about the importance of self-control in managing their eating habits. It mirrors the client's focus without adding new insight, fitting the definition of a Simple Reflection (SR).",**label**: Simple Reflection (SR),9
7,low_031,counsellor,592,16,well that's great I could do about this yeah because you know there's there's just so many different things when it comes to like weight loss you know and really being able to have some self-control I mean that's a really really important factor this is really being able to have some self-control and you know I found a lot of people just really need to increase their fruits and their vegetables and just not eat any processed foods and you know not eat any anything that might be kind of junk but then you know not not cheat either I mean you want to be able let yourself have some ice cream or some things that you might really like from time to time because you know you don't want to completely not let yourself have good stuff either so,1419,52,and you know I found a lot of people just really need to increase their fruits and their vegetables,IMC,ADP,misc.hlqc.gold,misc.hlqc.gold:1419,O,FA,"O

The counsellor's final utterance, ""and you know I found a lot of people just really need to increase their fruits and their vegetables,"" is a general statement about what many people need to do. It does not directly engage with the client's specific situation or provide personalized advice, nor does it seek permission to give advice. It is more of a general observation or sharing of information without a direct link to the client's expressed needs or goals. Therefore, it falls under the ""Other/Neutral"" category as a facilitative utterance.",FA,2
7,low_031,counsellor,592,16,well that's great I could do about this yeah because you know there's there's just so many different things when it comes to like weight loss you know and really being able to have some self-control I mean that's a really really important factor this is really being able to have some self-control and you know I found a lot of people just really need to increase their fruits and their vegetables and just not eat any processed foods and you know not eat any anything that might be kind of junk but then you know not not cheat either I mean you want to be able let yourself have some ice cream or some things that you might really like from time to time because you know you don't want to completely not let yourself have good stuff either so,1420,53,and just not eat any processed foods,IMC,ADP,misc.hlqc.gold,misc.hlqc.gold:1420,IMI,ADW,"IMI

The counsellor's final utterance, ""and just not eat any processed foods,"" provides advice without seeking or receiving explicit permission from the client. The client's previous statements express interest in receiving guidance, but the counsellor does not explicitly ask for permission to provide specific advice or suggestions. Therefore, the utterance falls under the category of **Imperative-MIIN (IMI)**.",**Advise Without Permission (ADW)**,10
7,low_031,counsellor,592,16,well that's great I could do about this yeah because you know there's there's just so many different things when it comes to like weight loss you know and really being able to have some self-control I mean that's a really really important factor this is really being able to have some self-control and you know I found a lot of people just really need to increase their fruits and their vegetables and just not eat any processed foods and you know not eat any anything that might be kind of junk but then you know not not cheat either I mean you want to be able let yourself have some ice cream or some things that you might really like from time to time because you know you don't want to completely not let yourself have good stuff either so,1421,54,and you know not eat any anything that might be kind of junk,IMC,ADP,misc.hlqc.gold,misc.hlqc.gold:1421,IMI,ADW,"IMI

The counsellor's final utterance provides advice about dietary choices without seeking or receiving explicit permission from the client. The client expressed interest in receiving information, but the counsellor did not ask for permission to provide specific advice, thus classifying it as ""Imperative-MIIN (IMI).""",**Advise Without Permission (ADW)**,10
7,low_031,counsellor,592,16,well that's great I could do about this yeah because you know there's there's just so many different things when it comes to like weight loss you know and really being able to have some self-control I mean that's a really really important factor this is really being able to have some self-control and you know I found a lot of people just really need to increase their fruits and their vegetables and just not eat any processed foods and you know not eat any anything that might be kind of junk but then you know not not cheat either I mean you want to be able let yourself have some ice cream or some things that you might really like from time to time because you know you don't want to completely not let yourself have good stuff either so,1422,55,but then you know not not cheat either,IMC,ADP,misc.hlqc.gold,misc.hlqc.gold:1422,IMI,ADW,"IMI

The counsellor's final utterance, ""but then you know not not cheat either,"" is providing guidance on behavior (not cheating) without seeking or receiving explicit permission from the client. The client has not explicitly asked for advice on this specific point, nor has the counsellor previously sought permission to provide such guidance. Therefore, this falls under the category of **Imperative-MIIN (IMI)**, as it involves giving advice without permission.",**Advise Without Permission (ADW)**,10
7,low_031,counsellor,592,16,well that's great I could do about this yeah because you know there's there's just so many different things when it comes to like weight loss you know and really being able to have some self-control I mean that's a really really important factor this is really being able to have some self-control and you know I found a lot of people just really need to increase their fruits and their vegetables and just not eat any processed foods and you know not eat any anything that might be kind of junk but then you know not not cheat either I mean you want to be able let yourself have some ice cream or some things that you might really like from time to time because you know you don't want to completely not let yourself have good stuff either so,1423,56,I mean you want to be able let yourself have some ice cream or some things that you might really like from time to time,IMC,ADP,misc.hlqc.gold,misc.hlqc.gold:1423,IMC,ADP,"IMC

**Explanation:**

The counsellor's final utterance suggests that the client can allow themselves to have ice cream or other liked foods occasionally. This is advice or guidance. The client previously expressed interest in receiving advice by saying, ""I was wondering if you could tell me,"" which indicates permission to provide guidance. Therefore, the counsellor's utterance falls under the category of ""Imperative-MICO (IMC)"" as it provides advice with client permission.",**Advise With Permission (ADP)**,10
7,low_031,counsellor,592,16,well that's great I could do about this yeah because you know there's there's just so many different things when it comes to like weight loss you know and really being able to have some self-control I mean that's a really really important factor this is really being able to have some self-control and you know I found a lot of people just really need to increase their fruits and their vegetables and just not eat any processed foods and you know not eat any anything that might be kind of junk but then you know not not cheat either I mean you want to be able let yourself have some ice cream or some things that you might really like from time to time because you know you don't want to completely not let yourself have good stuff either so,1424,57,because you know you don't want to completely not let yourself have good stuff either,IMC,ADP,misc.hlqc.gold,misc.hlqc.gold:1424,CRL,EC,"CRL - Reframe (RF) 

The counsellor's utterance reframes the idea of dieting by suggesting that it's okay to occasionally enjoy treats, which changes the emotional valence of strict dieting to a more balanced and positive perspective.",**Emphasize Control (EC)**,9
7,low_031,counsellor,592,16,well that's great I could do about this yeah because you know there's there's just so many different things when it comes to like weight loss you know and really being able to have some self-control I mean that's a really really important factor this is really being able to have some self-control and you know I found a lot of people just really need to increase their fruits and their vegetables and just not eat any processed foods and you know not eat any anything that might be kind of junk but then you know not not cheat either I mean you want to be able let yourself have some ice cream or some things that you might really like from time to time because you know you don't want to completely not let yourself have good stuff either so,1425,58,so,O,FI,misc.hlqc.gold,misc.hlqc.gold:1425,O,FA,"O

The target utterance ""so"" is a filler or transitional word, which does not engage in any specific Motivational Interviewing technique. It serves as a structural or facilitative utterance, indicating a transition or pause in the conversation. Therefore, it falls under the ""Other/Neutral (O)"" category with the behavioral code ""Filler (FI).""",FA,2
7,low_031,client,593,17,It sounds though that you're seeing some opposite things because when one moment you're saying not have any don't have any junk but then allow yourself ice cream once in a while. So that would make it really confusing for me.,1426,59,It sounds though that you're seeing some opposite things because when one moment you're saying not have any don't have any junk but then allow yourself ice cream once in a while.,N,N,misc.hlqc.gold,misc.hlqc.gold:1426,N,N,N,**label**: N,5
7,low_031,client,593,17,It sounds though that you're seeing some opposite things because when one moment you're saying not have any don't have any junk but then allow yourself ice cream once in a while. So that would make it really confusing for me.,1427,60,So that would make it really confusing for me.,N,N,misc.hlqc.gold,misc.hlqc.gold:1427,N,N,N,**label**: N,5
7,low_031,counsellor,594,18,oh I see well you know obviously you want to make sure you're not eating you know junk food all day long but on the other hand you want to make sure that you give yourself some opportunities to have that bite of brownie or cake or you know I for myself personally I really love like lemon meringue pie so I always have to you know save that little piece for myself in the fridge to make sure I have my little bite of lemon meringue pie and then I can feel good about you know where I where I was eating good the rest of the day then I could still have my lemon meringue pie so something like that might kind of work better you know for you to really take a look at your portion sizes and then you know making sure you get out there and exercising me if you're not exercising that's certainly not going to help you with being able to get off the weight either so that's that's critical how are you doing on weight loss as far as exercising,1428,61,oh I see well you know obviously you want to make sure you're not eating you know junk food all day long,IMC,ADP,misc.hlqc.gold,misc.hlqc.gold:1428,SRL,SR,"SRL (Simple Reflection) - Simple Reflection (SR) 

The counsellor's final utterance mirrors the client's concern about the potential confusion between avoiding junk food and allowing occasional treats. It reflects the client's statement without adding new insight or interpretation.",**label**: Simple Reflection (SR),9
7,low_031,counsellor,594,18,oh I see well you know obviously you want to make sure you're not eating you know junk food all day long but on the other hand you want to make sure that you give yourself some opportunities to have that bite of brownie or cake or you know I for myself personally I really love like lemon meringue pie so I always have to you know save that little piece for myself in the fridge to make sure I have my little bite of lemon meringue pie and then I can feel good about you know where I where I was eating good the rest of the day then I could still have my lemon meringue pie so something like that might kind of work better you know for you to really take a look at your portion sizes and then you know making sure you get out there and exercising me if you're not exercising that's certainly not going to help you with being able to get off the weight either so that's that's critical how are you doing on weight loss as far as exercising,1429,62,but on the other hand you want to make sure that you give yourself some opportunities to have that bite of brownie or cake or you know,IMC,ADP,misc.hlqc.gold,misc.hlqc.gold:1429,SRL,SR,"SRL (Simple Reflection) - Simple Reflection (SR) 

The counsellor's final utterance mirrors the client's concern about the seeming contradiction in dietary advice by acknowledging the need for balance between avoiding junk food and allowing occasional treats. This reflects the client's statement without adding new insight, fitting the definition of a simple reflection.",**label**: Simple Reflection (SR),9
7,low_031,counsellor,594,18,oh I see well you know obviously you want to make sure you're not eating you know junk food all day long but on the other hand you want to make sure that you give yourself some opportunities to have that bite of brownie or cake or you know I for myself personally I really love like lemon meringue pie so I always have to you know save that little piece for myself in the fridge to make sure I have my little bite of lemon meringue pie and then I can feel good about you know where I where I was eating good the rest of the day then I could still have my lemon meringue pie so something like that might kind of work better you know for you to really take a look at your portion sizes and then you know making sure you get out there and exercising me if you're not exercising that's certainly not going to help you with being able to get off the weight either so that's that's critical how are you doing on weight loss as far as exercising,1430,63,I for myself personally I really love like lemon meringue pie,IMC,ADP,misc.hlqc.gold,misc.hlqc.gold:1430,O,FA,"O

The counsellor's final utterance, ""I for myself personally I really love like lemon meringue pie,"" is a personal disclosure that does not fit into the categories of reflective, imperative, or questioning. It serves as a personal sharing or anecdote, which is a type of facilitative utterance. Therefore, it is classified under ""Other/Neutral (O)"" with the specific behavioral code of ""Facilitate (FA).""",FA,2
7,low_031,counsellor,594,18,oh I see well you know obviously you want to make sure you're not eating you know junk food all day long but on the other hand you want to make sure that you give yourself some opportunities to have that bite of brownie or cake or you know I for myself personally I really love like lemon meringue pie so I always have to you know save that little piece for myself in the fridge to make sure I have my little bite of lemon meringue pie and then I can feel good about you know where I where I was eating good the rest of the day then I could still have my lemon meringue pie so something like that might kind of work better you know for you to really take a look at your portion sizes and then you know making sure you get out there and exercising me if you're not exercising that's certainly not going to help you with being able to get off the weight either so that's that's critical how are you doing on weight loss as far as exercising,1431,64,so I always have to you know save that little piece for myself in the fridge to make sure I have my little bite of lemon meringue pie,IMC,ADP,misc.hlqc.gold,misc.hlqc.gold:1431,O,FA,"O

The target utterance is a personal anecdote shared by the counsellor, which serves as a facilitative or illustrative statement rather than engaging in any specific MI technique. It does not provide advice, raise concerns, or ask questions, nor does it reflect or affirm the client's perspective in a structured MI way. Therefore, it falls under the ""Other/Neutral"" category, specifically as a facilitative utterance.",FA,2
7,low_031,counsellor,594,18,oh I see well you know obviously you want to make sure you're not eating you know junk food all day long but on the other hand you want to make sure that you give yourself some opportunities to have that bite of brownie or cake or you know I for myself personally I really love like lemon meringue pie so I always have to you know save that little piece for myself in the fridge to make sure I have my little bite of lemon meringue pie and then I can feel good about you know where I where I was eating good the rest of the day then I could still have my lemon meringue pie so something like that might kind of work better you know for you to really take a look at your portion sizes and then you know making sure you get out there and exercising me if you're not exercising that's certainly not going to help you with being able to get off the weight either so that's that's critical how are you doing on weight loss as far as exercising,1432,65,and then I can feel good about you know where I where I was eating good the rest of the day,IMC,ADP,misc.hlqc.gold,misc.hlqc.gold:1432,O,FA,"O

The target utterance is a personal anecdote shared by the counsellor, which serves as a facilitative or illustrative statement rather than engaging in a specific MI technique. It does not fit into the categories of reflective, imperative, or questioning, nor does it provide advice or information without permission. Instead, it functions as a structural or facilitative utterance, sharing a personal experience to relate to the client's situation. Therefore, it is classified as ""Other/Neutral (O)"" with the behavioral code ""Facilitate (FA).""",**label**: Facilitate (FA),10
7,low_031,counsellor,594,18,oh I see well you know obviously you want to make sure you're not eating you know junk food all day long but on the other hand you want to make sure that you give yourself some opportunities to have that bite of brownie or cake or you know I for myself personally I really love like lemon meringue pie so I always have to you know save that little piece for myself in the fridge to make sure I have my little bite of lemon meringue pie and then I can feel good about you know where I where I was eating good the rest of the day then I could still have my lemon meringue pie so something like that might kind of work better you know for you to really take a look at your portion sizes and then you know making sure you get out there and exercising me if you're not exercising that's certainly not going to help you with being able to get off the weight either so that's that's critical how are you doing on weight loss as far as exercising,1433,66,then I could still have my lemon meringue pie,IMC,ADP,misc.hlqc.gold,misc.hlqc.gold:1433,O,FA,"O

The target utterance ""then I could still have my lemon meringue pie"" is a part of the counsellor's personal anecdote and does not fit into any of the specific MI behavioural codes. It serves as a structural or facilitative utterance, providing a personal example to illustrate a point, but it does not engage in any specific MI technique. Therefore, it is classified as ""Other/Neutral (O)"" under the ""Structure (ST)"" behavioural code.",FA,2
7,low_031,counsellor,594,18,oh I see well you know obviously you want to make sure you're not eating you know junk food all day long but on the other hand you want to make sure that you give yourself some opportunities to have that bite of brownie or cake or you know I for myself personally I really love like lemon meringue pie so I always have to you know save that little piece for myself in the fridge to make sure I have my little bite of lemon meringue pie and then I can feel good about you know where I where I was eating good the rest of the day then I could still have my lemon meringue pie so something like that might kind of work better you know for you to really take a look at your portion sizes and then you know making sure you get out there and exercising me if you're not exercising that's certainly not going to help you with being able to get off the weight either so that's that's critical how are you doing on weight loss as far as exercising,1434,67,so something like that might kind of work better you know for you to really take a look at your portion sizes,IMC,ADP,misc.hlqc.gold,misc.hlqc.gold:1434,IMC,ADP,"IMC

The counsellor's final utterance provides advice on managing portion sizes, which is a form of guidance. The client previously expressed interest in receiving advice by stating, ""I was wondering if you could tell me,"" which indicates permission to provide advice. Therefore, the utterance falls under the category of ""Imperative-MICO (IMC)"" as it involves giving advice with client permission.",**Advise With Permission (ADP)**,10
7,low_031,counsellor,594,18,oh I see well you know obviously you want to make sure you're not eating you know junk food all day long but on the other hand you want to make sure that you give yourself some opportunities to have that bite of brownie or cake or you know I for myself personally I really love like lemon meringue pie so I always have to you know save that little piece for myself in the fridge to make sure I have my little bite of lemon meringue pie and then I can feel good about you know where I where I was eating good the rest of the day then I could still have my lemon meringue pie so something like that might kind of work better you know for you to really take a look at your portion sizes and then you know making sure you get out there and exercising me if you're not exercising that's certainly not going to help you with being able to get off the weight either so that's that's critical how are you doing on weight loss as far as exercising,1435,68,and then you know making sure you get out there and exercising,IMC,ADP,misc.hlqc.gold,misc.hlqc.gold:1435,IMC,GI,"**IMC** 

The counsellor's final utterance provides information about the importance of exercise in the context of weight loss and self-control. The client previously expressed interest in receiving advice or information by saying, ""I was wondering if you could tell me,"" which grants implicit permission for the counsellor to provide guidance. Therefore, the utterance is classified as Imperative-MICO (IMC).",**GI**,4
7,low_031,counsellor,594,18,oh I see well you know obviously you want to make sure you're not eating you know junk food all day long but on the other hand you want to make sure that you give yourself some opportunities to have that bite of brownie or cake or you know I for myself personally I really love like lemon meringue pie so I always have to you know save that little piece for myself in the fridge to make sure I have my little bite of lemon meringue pie and then I can feel good about you know where I where I was eating good the rest of the day then I could still have my lemon meringue pie so something like that might kind of work better you know for you to really take a look at your portion sizes and then you know making sure you get out there and exercising me if you're not exercising that's certainly not going to help you with being able to get off the weight either so that's that's critical how are you doing on weight loss as far as exercising,1436,69,me if you're not exercising that's certainly not going to help you with being able to get off the weight either,IMC,ADP,misc.hlqc.gold,misc.hlqc.gold:1436,IMI,WA,"IMI

The counsellor's final utterance provides a warning about the consequences of not exercising without seeking or receiving explicit permission from the client. This aligns with the ""Warn (WA)"" behavioral code under the Imperative-MIIN (IMI) category.",**Warn (WA)**,6
7,low_031,counsellor,594,18,oh I see well you know obviously you want to make sure you're not eating you know junk food all day long but on the other hand you want to make sure that you give yourself some opportunities to have that bite of brownie or cake or you know I for myself personally I really love like lemon meringue pie so I always have to you know save that little piece for myself in the fridge to make sure I have my little bite of lemon meringue pie and then I can feel good about you know where I where I was eating good the rest of the day then I could still have my lemon meringue pie so something like that might kind of work better you know for you to really take a look at your portion sizes and then you know making sure you get out there and exercising me if you're not exercising that's certainly not going to help you with being able to get off the weight either so that's that's critical how are you doing on weight loss as far as exercising,1437,70,so that's that's critical,IMC,ADP,misc.hlqc.gold,misc.hlqc.gold:1437,O,ST,"O

The target utterance ""so that's that's critical"" is a structural or facilitative utterance that does not engage in any specific MI technique. It serves to emphasize the importance of exercising in the context of weight loss, but it does not provide advice, raise concerns, ask questions, or reflect on the client's statements in a way that fits the other categories. Therefore, it is classified as ""Other/Neutral (O)"" under the ""Structure (ST)"" behavioral code.",**ST**,4
7,low_031,counsellor,594,18,oh I see well you know obviously you want to make sure you're not eating you know junk food all day long but on the other hand you want to make sure that you give yourself some opportunities to have that bite of brownie or cake or you know I for myself personally I really love like lemon meringue pie so I always have to you know save that little piece for myself in the fridge to make sure I have my little bite of lemon meringue pie and then I can feel good about you know where I where I was eating good the rest of the day then I could still have my lemon meringue pie so something like that might kind of work better you know for you to really take a look at your portion sizes and then you know making sure you get out there and exercising me if you're not exercising that's certainly not going to help you with being able to get off the weight either so that's that's critical how are you doing on weight loss as far as exercising,1438,71,how are you doing on weight loss as far as exercising,Q,OQ,misc.hlqc.gold,misc.hlqc.gold:1438,Q,CQ,Q (Open Question - OQ),**label**: CQ,6
7,low_031,client,595,19,oh I haven't been exercising lately,1439,72,oh I haven't been exercising lately,N,N,misc.hlqc.gold,misc.hlqc.gold:1439,N,N,N,**label**: N,5
7,low_031,counsellor,596,20,oh so see that's really key right that's a really key portion to it so it sounds like when we talk next time if you kind of kind of give me an idea maybe keep a journal for a week and tell me what you've been eating and we can really look at you know what good things that I can tell you what things you shouldn't be eating out of that plan and then I really think it'd be important if you just start maybe even just start walking three times a week if you could just start that really slowly and then you Muenster now we can kind of see if that's helped some and we can talk about the items you've had on your journal and we can go from there and all kind of direct you from there what you shouldn't be eating how does that sound,1440,73,oh so see that's really key right that's a really key portion to it,IMC,ADP,misc.hlqc.gold,misc.hlqc.gold:1440,O,FA,"O

The counsellor's final utterance, ""oh so see that's really key right that's a really key portion to it,"" functions as a facilitative utterance. It serves to emphasize the importance of exercise in the context of weight loss, without providing new information, advice, or a direct suggestion. It acts as a ""keep-going"" acknowledgment, reinforcing the significance of the client's acknowledgment of not exercising. This aligns with the ""Structure"" (ST) code under the ""Other/Neutral (O)"" category.",**label**: Facilitate (FA),10
7,low_031,counsellor,596,20,oh so see that's really key right that's a really key portion to it so it sounds like when we talk next time if you kind of kind of give me an idea maybe keep a journal for a week and tell me what you've been eating and we can really look at you know what good things that I can tell you what things you shouldn't be eating out of that plan and then I really think it'd be important if you just start maybe even just start walking three times a week if you could just start that really slowly and then you Muenster now we can kind of see if that's helped some and we can talk about the items you've had on your journal and we can go from there and all kind of direct you from there what you shouldn't be eating how does that sound,1441,74,so it sounds like when we talk next time if you kind of kind of give me an idea maybe keep a journal for a week and tell me what you've been eating,IMC,ADP,misc.hlqc.gold,misc.hlqc.gold:1441,IMC,ADP,"IMC

**Explanation:**
The counsellor's final utterance suggests the client keep a journal for a week to track their eating habits. This is a form of advice or suggestion. The client previously expressed interest in receiving guidance by saying, ""I was wondering if you could tell me,"" which can be interpreted as implicit permission to provide advice. Therefore, the counsellor's suggestion is given with client permission, classifying it under Imperative-MICO (IMC).",**Advise With Permission (ADP)**,10
7,low_031,counsellor,596,20,oh so see that's really key right that's a really key portion to it so it sounds like when we talk next time if you kind of kind of give me an idea maybe keep a journal for a week and tell me what you've been eating and we can really look at you know what good things that I can tell you what things you shouldn't be eating out of that plan and then I really think it'd be important if you just start maybe even just start walking three times a week if you could just start that really slowly and then you Muenster now we can kind of see if that's helped some and we can talk about the items you've had on your journal and we can go from there and all kind of direct you from there what you shouldn't be eating how does that sound,1442,75,and we can really look at you know what good things that I can tell you what things you shouldn't be eating out of that plan,IMC,ADP,misc.hlqc.gold,misc.hlqc.gold:1442,IMC,ADP,"IMC

**Explanation:**

The counsellor's final utterance involves providing guidance on what the client should eat, which falls under giving advice or information. To determine if this is IMC (Imperative-MICO) or IMI (Imperative-MIIN), we apply the Permission Chain of Thought:

1. **Check for Client Permission or Interest Expression:** The client expressed interest in receiving advice by saying, ""I was wondering if you could tell me."" This indicates implicit permission to provide guidance.

2. **Check for Counsellor's Prior Permission-Seeking:** The counsellor did not explicitly ask for permission before providing advice, but the client's expression of interest serves as implicit permission.

3. **Permission Granted:** Since the client expressed interest, permission is considered granted.

4. **Carry Permission Forward:** The advice remains within the same overarching discussion about diet and weight loss, so permission is still valid.

Therefore, the counsellor's utterance is classified as IMC.",**label**: Advise With Permission (ADP),12
7,low_031,counsellor,596,20,oh so see that's really key right that's a really key portion to it so it sounds like when we talk next time if you kind of kind of give me an idea maybe keep a journal for a week and tell me what you've been eating and we can really look at you know what good things that I can tell you what things you shouldn't be eating out of that plan and then I really think it'd be important if you just start maybe even just start walking three times a week if you could just start that really slowly and then you Muenster now we can kind of see if that's helped some and we can talk about the items you've had on your journal and we can go from there and all kind of direct you from there what you shouldn't be eating how does that sound,1443,76,and then I really think it'd be important if you just start maybe even just start walking three times a week,IMC,ADP,misc.hlqc.gold,misc.hlqc.gold:1443,IMC,ADP,"IMC

The counsellor's final utterance provides advice about starting to walk three times a week. The client previously expressed interest in receiving guidance by saying, ""I was wondering if you could tell me,"" which indicates permission to provide advice. Therefore, the counsellor's advice is given with client permission, classifying it as Imperative-MICO (IMC).",**label**: Advise With Permission (ADP),12
7,low_031,counsellor,596,20,oh so see that's really key right that's a really key portion to it so it sounds like when we talk next time if you kind of kind of give me an idea maybe keep a journal for a week and tell me what you've been eating and we can really look at you know what good things that I can tell you what things you shouldn't be eating out of that plan and then I really think it'd be important if you just start maybe even just start walking three times a week if you could just start that really slowly and then you Muenster now we can kind of see if that's helped some and we can talk about the items you've had on your journal and we can go from there and all kind of direct you from there what you shouldn't be eating how does that sound,1444,77,if you could just start that really slowly,IMC,ADP,misc.hlqc.gold,misc.hlqc.gold:1444,IMC,ADP,"IMC

**Explanation:**
The counsellor's final utterance, ""if you could just start that really slowly,"" is providing advice on how to begin exercising. The client previously expressed interest in receiving guidance by asking the counsellor to tell them about weight loss strategies. This request for information and guidance can be seen as implicit permission for the counsellor to provide advice. Therefore, the counsellor's advice is given with client permission, classifying it under Imperative-MICO (IMC).",**Advise With Permission (ADP)**,10
7,low_031,counsellor,596,20,oh so see that's really key right that's a really key portion to it so it sounds like when we talk next time if you kind of kind of give me an idea maybe keep a journal for a week and tell me what you've been eating and we can really look at you know what good things that I can tell you what things you shouldn't be eating out of that plan and then I really think it'd be important if you just start maybe even just start walking three times a week if you could just start that really slowly and then you Muenster now we can kind of see if that's helped some and we can talk about the items you've had on your journal and we can go from there and all kind of direct you from there what you shouldn't be eating how does that sound,1445,78,and then you Muenster now we can kind of see if that's helped some,IMC,ADP,misc.hlqc.gold,misc.hlqc.gold:1445,O,ST,"O

The target utterance ""and then you Muenster now we can kind of see if that's helped some"" appears to be a typographical error or incomplete thought, likely intended to say ""and then you Muenster, now we can kind of see if that's helped some."" Given its unclear nature and lack of substantive content, it does not fit into any of the specific MI behavioural codes. It seems to be a structural or facilitative utterance, which falls under the ""Other/Neutral (O)"" category.",ST,2
7,low_031,counsellor,596,20,oh so see that's really key right that's a really key portion to it so it sounds like when we talk next time if you kind of kind of give me an idea maybe keep a journal for a week and tell me what you've been eating and we can really look at you know what good things that I can tell you what things you shouldn't be eating out of that plan and then I really think it'd be important if you just start maybe even just start walking three times a week if you could just start that really slowly and then you Muenster now we can kind of see if that's helped some and we can talk about the items you've had on your journal and we can go from there and all kind of direct you from there what you shouldn't be eating how does that sound,1446,79,and we can talk about the items you've had on your journal,O,ST,misc.hlqc.gold,misc.hlqc.gold:1446,IMC,ADP,"**IMC** 

This utterance involves giving information and suggesting a plan (discussing the journal items) with the client's permission, as the client has expressed interest in keeping a journal and the counsellor has asked for permission to review it.",**label**: Advise With Permission (ADP),12
7,low_031,counsellor,596,20,oh so see that's really key right that's a really key portion to it so it sounds like when we talk next time if you kind of kind of give me an idea maybe keep a journal for a week and tell me what you've been eating and we can really look at you know what good things that I can tell you what things you shouldn't be eating out of that plan and then I really think it'd be important if you just start maybe even just start walking three times a week if you could just start that really slowly and then you Muenster now we can kind of see if that's helped some and we can talk about the items you've had on your journal and we can go from there and all kind of direct you from there what you shouldn't be eating how does that sound,1447,80,and we can go from there and all kind of direct you from there what you shouldn't be eating,O,ST,misc.hlqc.gold,misc.hlqc.gold:1447,IMI,ADW,"IMI

The counsellor's final utterance, ""and we can go from there and all kind of direct you from there what you shouldn't be eating,"" involves giving direction without seeking permission. The counsellor is suggesting what the client should not be eating, which is a directive action. There is no explicit or implicit permission given by the client for this specific guidance, nor has the counsellor asked for permission to provide such direction. Therefore, this falls under the category of **Imperative-MIIN (IMI)**, specifically **Direct (DI)**.",**label**: Advise Without Permission (ADW),12
7,low_031,counsellor,596,20,oh so see that's really key right that's a really key portion to it so it sounds like when we talk next time if you kind of kind of give me an idea maybe keep a journal for a week and tell me what you've been eating and we can really look at you know what good things that I can tell you what things you shouldn't be eating out of that plan and then I really think it'd be important if you just start maybe even just start walking three times a week if you could just start that really slowly and then you Muenster now we can kind of see if that's helped some and we can talk about the items you've had on your journal and we can go from there and all kind of direct you from there what you shouldn't be eating how does that sound,1448,81,how does that sound,Q,CQ,misc.hlqc.gold,misc.hlqc.gold:1448,IMC,ADP,"IMC

The counsellor's final utterance, ""how does that sound,"" is seeking the client's permission or feedback on the advice and suggestions provided. This aligns with the ""Advise With Permission (ADP)"" code under the Imperative-MICO (IMC) category, as the counsellor is checking in with the client to ensure they are comfortable with the proposed plan.",**Advise With Permission (ADP)**,10
7,low_031,client,597,21,well what does walking three times a week like for how long really like you know,1449,82,well what does walking three times a week like,N,N,misc.hlqc.gold,misc.hlqc.gold:1449,N,N,N,N,2
7,low_031,client,597,21,well what does walking three times a week like for how long really like you know,1450,83,for how long really,N,N,misc.hlqc.gold,misc.hlqc.gold:1450,N,N,N,N,2
7,low_031,client,597,21,well what does walking three times a week like for how long really like you know,1451,84,like you know,N,N,misc.hlqc.gold,misc.hlqc.gold:1451,N,N,N,N,2
7,low_031,counsellor,598,22,sure whatever whatever is comfortable for you so you know start out small so that you can feel really good about having some success and doing some exercise so you know if you feel tired at ten fifteen minutes really just kind of paste it along for yourself and feel what's right so that you can feel like you're getting out there and getting moving because it's all about taking a small step and you know at least getting active,1452,85,sure whatever whatever is comfortable for you,CRL,EC,misc.hlqc.gold,misc.hlqc.gold:1452,O,FA,"O

The target utterance ""sure whatever whatever is comfortable for you"" functions as a facilitative statement, encouraging the client to proceed with their own pace and comfort level. It does not provide advice, raise concerns, or ask questions, nor does it reflect or summarize the client's statements. Instead, it serves to facilitate the client's exploration of their own preferences, fitting the ""Facilitate (FA)"" code under the ""Other/Neutral (O)"" category.",**label**: Facilitate (FA),10
7,low_031,counsellor,598,22,sure whatever whatever is comfortable for you so you know start out small so that you can feel really good about having some success and doing some exercise so you know if you feel tired at ten fifteen minutes really just kind of paste it along for yourself and feel what's right so that you can feel like you're getting out there and getting moving because it's all about taking a small step and you know at least getting active,1453,86,so you know start out small so that you can feel really good about having some success and doing some exercise,IMC,ADP,misc.hlqc.gold,misc.hlqc.gold:1453,CRL,EC,"CRL - Affirm (AF) 

The counsellor's final utterance is affirming the client's efforts and encouraging them to start with manageable steps, which communicates something positive about the client's potential for success and effort in exercising.",**Emphasize Control (EC)**,9
7,low_031,counsellor,598,22,sure whatever whatever is comfortable for you so you know start out small so that you can feel really good about having some success and doing some exercise so you know if you feel tired at ten fifteen minutes really just kind of paste it along for yourself and feel what's right so that you can feel like you're getting out there and getting moving because it's all about taking a small step and you know at least getting active,1454,87,so you know if you feel tired at ten fifteen minutes really just kind of paste it along for yourself and feel what's right,IMC,ADP,misc.hlqc.gold,misc.hlqc.gold:1454,SRL,SR,"SRL

The counsellor's final utterance is a paraphrase of the client's concern about how long to walk, without adding extra insight or interpretation. It reflects the client's statement about feeling tired and suggests continuing at a comfortable pace, which aligns with the Simple Reflection (SR) code.",**label**: Simple Reflection (SR),9
7,low_031,counsellor,598,22,sure whatever whatever is comfortable for you so you know start out small so that you can feel really good about having some success and doing some exercise so you know if you feel tired at ten fifteen minutes really just kind of paste it along for yourself and feel what's right so that you can feel like you're getting out there and getting moving because it's all about taking a small step and you know at least getting active,1455,88,so that you can feel like you're getting out there and getting moving,IMC,ADP,misc.hlqc.gold,misc.hlqc.gold:1455,O,FA,"O

The target utterance ""so that you can feel like you're getting out there and getting moving"" functions as a facilitative statement, encouraging the client to continue with the exercise plan. It does not provide advice, raise concerns, or ask questions, nor does it reflect or affirm the client's perspective in a deeper way. Instead, it serves as a motivational encouragement, fitting the ""Facilitate"" (FA) code under the ""Other/Neutral (O)"" category.",**label**: Facilitate (FA),10
7,low_031,counsellor,598,22,sure whatever whatever is comfortable for you so you know start out small so that you can feel really good about having some success and doing some exercise so you know if you feel tired at ten fifteen minutes really just kind of paste it along for yourself and feel what's right so that you can feel like you're getting out there and getting moving because it's all about taking a small step and you know at least getting active,1456,89,because it's all about taking a small step and you know at least getting active,IMC,ADP,misc.hlqc.gold,misc.hlqc.gold:1456,SRL,SR,"**SRL** (Simple Reflection) - The counsellor's utterance mirrors the client's focus on taking small steps and getting active, without adding new information or insight. This aligns with the definition of Simple Reflection (SR).",**label**: Simple Reflection (SR),9
7,low_031,client,599,23,okay,1457,90,okay,N,N,misc.hlqc.gold,misc.hlqc.gold:1457,N,N,N,**label**: N,5
7,low_031,counsellor,600,24,and then I think the flute journal would be really important because then we'll really have a better idea what you what you truly are eating and how many calories and then we can go from there and deciding you know how many calories you really should be eating in your diet and that way you can do a better job of monitoring it,1458,91,and then I think the flute journal would be really important because then we'll really have a better idea what you what you truly are eating and how many calories,IMC,ADP,misc.hlqc.gold,misc.hlqc.gold:1458,O,ST,"O

The counsellor's final utterance is providing information about the importance of keeping a journal to track eating habits and calorie intake. The counsellor does not seek permission before giving this information, nor is there any indication that the client has explicitly or implicitly requested this specific advice. Therefore, the utterance is classified as ""Other/Neutral (O)"" under the ""Giving Information (GI)"" code.",ST,2
7,low_031,counsellor,600,24,and then I think the flute journal would be really important because then we'll really have a better idea what you what you truly are eating and how many calories and then we can go from there and deciding you know how many calories you really should be eating in your diet and that way you can do a better job of monitoring it,1459,92,and then we can go from there and deciding you know how many calories you really should be eating in your diet,IMC,ADP,misc.hlqc.gold,misc.hlqc.gold:1459,IMC,ADP,"IMC

The counsellor's final utterance involves giving information about deciding on calorie intake, which is related to the client's earlier expressed interest in understanding their eating habits and exercise routine. The client has shown interest in keeping a journal and understanding what they should be eating, which implies permission for the counsellor to provide guidance on calorie intake. Therefore, the utterance falls under the category of ""Imperative-MICO (IMC)"" as it provides information with client permission.",**Advise With Permission (ADP)**,10
7,low_031,counsellor,600,24,and then I think the flute journal would be really important because then we'll really have a better idea what you what you truly are eating and how many calories and then we can go from there and deciding you know how many calories you really should be eating in your diet and that way you can do a better job of monitoring it,1460,93,and that way you can do a better job of monitoring it,IMC,ADP,misc.hlqc.gold,misc.hlqc.gold:1460,O,ST,"O

The target utterance ""and that way you can do a better job of monitoring it"" serves as a structural or facilitative statement, summarizing the purpose of keeping a food journal. It does not engage in any specific MI technique such as reflection, questioning, or providing advice without permission. Instead, it functions to transition or conclude the discussion about the benefits of monitoring diet through journaling. Therefore, it falls under the ""Other/Neutral (O)"" category, specifically as a ""Structure (ST)"" code.",**ST**,4
7,low_031,client,601,25,okay,1461,94,okay,N,N,misc.hlqc.gold,misc.hlqc.gold:1461,N,N,N,label: N,4
7,low_031,counsellor,602,26,so how about we meet back and say three to four weeks and we can kind of see how that journal is going so,1462,95,so how about we meet back and say three to four weeks,Q,CQ,misc.hlqc.gold,misc.hlqc.gold:1462,O,ST,"O

The counsellor's final utterance, ""so how about we meet back and say three to four weeks,"" is a structural or facilitative statement used to plan the next session. It does not engage in any specific MI technique such as reflection, advice, or questioning. Therefore, it falls under the ""Other/Neutral (O)"" category, specifically under the ""Structure (ST)"" behavioral code.",**label**: ST,5
7,low_031,counsellor,602,26,so how about we meet back and say three to four weeks and we can kind of see how that journal is going so,1463,96,and we can kind of see how that journal is going,Q,CQ,misc.hlqc.gold,misc.hlqc.gold:1463,O,ST,"O

The target utterance ""and we can kind of see how that journal is going"" is a structural statement used to make a transition or plan for a future meeting. It does not engage in any specific MI technique such as reflection, advice, or questioning. Therefore, it falls under the ""Other/Neutral (O)"" category, specifically under the ""Structure (ST)"" behavioral code.",**label**: ST,5
7,low_031,counsellor,602,26,so how about we meet back and say three to four weeks and we can kind of see how that journal is going so,1464,97,so,O,FI,misc.hlqc.gold,misc.hlqc.gold:1464,O,ST,"O

The target utterance ""so"" is a structural or facilitative utterance used to transition or conclude a thought, which aligns with the ""Structure (ST)"" code under the ""Other/Neutral (O)"" category.",ST,2
7,low_031,client,603,27,that seems like a long time I mean I think in three to four weeks a lot of things can happen and I think these things,1465,98,that seems like a long time,N,N,misc.hlqc.gold,misc.hlqc.gold:1465,N,N,N,**label**: N,5
7,low_031,client,603,27,that seems like a long time I mean I think in three to four weeks a lot of things can happen and I think these things,1466,99,I mean I think in three to four weeks a lot of things can happen,N,N,misc.hlqc.gold,misc.hlqc.gold:1466,N,N,N,**label**: N,5
7,low_031,client,603,27,that seems like a long time I mean I think in three to four weeks a lot of things can happen and I think these things,1467,100,and I think these things,N,N,misc.hlqc.gold,misc.hlqc.gold:1467,N,N,N,**label**: N,5
7,low_031,counsellor,604,28,yeah if you have any problems along the way before then feel free to give me a call I'm always available so if there is something that you find that's just not working just give me a call we can kind of discuss it but then we can meet in person because we really should probably have about a month of your journal you know kind of down but if there's something that comes up I mean by all means just give me a call there's my extension so you'll call me if you you know,1468,101,yeah if you have any problems along the way before then feel free to give me a call I'm always available,CRL,SU,misc.hlqc.gold,misc.hlqc.gold:1468,O,ST,"O

The counsellor's final utterance is a facilitative statement that provides reassurance and support, indicating availability for the client if needed. It does not fit into the categories of advice, suggestions, or information without permission, nor does it reflect, summarize, or ask a question. Instead, it serves as a supportive and structural statement, which aligns with the ""Other/Neutral (O)"" category, specifically under the ""Facilitate (FA)"" behavioral code.",ST,2
7,low_031,counsellor,604,28,yeah if you have any problems along the way before then feel free to give me a call I'm always available so if there is something that you find that's just not working just give me a call we can kind of discuss it but then we can meet in person because we really should probably have about a month of your journal you know kind of down but if there's something that comes up I mean by all means just give me a call there's my extension so you'll call me if you you know,1469,102,so if there is something that you find that's just not working just give me a call,CRL,SU,misc.hlqc.gold,misc.hlqc.gold:1469,IMC,GI,"IMC

**Explanation:**
The counsellor's utterance provides information about being available for support if the client encounters any issues with the journaling process. The counsellor has received implicit permission from the client's previous statements, which express openness to the plan and a willingness to engage in the process. The counsellor's offer to be available for support is a form of giving information (GI) with permission, fitting the category of Imperative-MICO (IMC).",**GI**,4
7,low_031,counsellor,604,28,yeah if you have any problems along the way before then feel free to give me a call I'm always available so if there is something that you find that's just not working just give me a call we can kind of discuss it but then we can meet in person because we really should probably have about a month of your journal you know kind of down but if there's something that comes up I mean by all means just give me a call there's my extension so you'll call me if you you know,1470,103,we can kind of discuss it but then we can meet in person,CRL,SU,misc.hlqc.gold,misc.hlqc.gold:1470,CRL,EC,"CRL

- **Complex Reflection (CR)**: The counsellor's utterance acknowledges the client's potential concerns about the timeline and offers reassurance by emphasizing ongoing support and the option to discuss issues before the scheduled meeting. This reflects a deeper understanding of the client's perspective and provides a supportive response.",EC,2
7,low_031,counsellor,604,28,yeah if you have any problems along the way before then feel free to give me a call I'm always available so if there is something that you find that's just not working just give me a call we can kind of discuss it but then we can meet in person because we really should probably have about a month of your journal you know kind of down but if there's something that comes up I mean by all means just give me a call there's my extension so you'll call me if you you know,1471,104,because we really should probably have about a month of your journal you know kind of down,O,FI,misc.hlqc.gold,misc.hlqc.gold:1471,SRL,SR,"SRL (Simple Reflection) - Simple Reflection (SR) 

The counsellor's utterance mirrors the client's previous statement about needing a month of journal entries, without adding new insight or interpretation.",**label**: Simple Reflection (SR),9
7,low_031,counsellor,604,28,yeah if you have any problems along the way before then feel free to give me a call I'm always available so if there is something that you find that's just not working just give me a call we can kind of discuss it but then we can meet in person because we really should probably have about a month of your journal you know kind of down but if there's something that comes up I mean by all means just give me a call there's my extension so you'll call me if you you know,1472,105,but if there's something that comes up I mean by all means just give me a call,O,FI,misc.hlqc.gold,misc.hlqc.gold:1472,O,ST,"O

The target utterance is a facilitative statement encouraging the client to reach out if they encounter any issues, functioning as a ""keep-going"" acknowledgment. It does not provide advice, raise concerns, or give information without permission, nor does it ask a question or reflect the client's statements. Therefore, it falls under the ""Other/Neutral"" category with the behavioral code ""Facilitate (FA).""",ST,2
7,low_031,counsellor,604,28,yeah if you have any problems along the way before then feel free to give me a call I'm always available so if there is something that you find that's just not working just give me a call we can kind of discuss it but then we can meet in person because we really should probably have about a month of your journal you know kind of down but if there's something that comes up I mean by all means just give me a call there's my extension so you'll call me if you you know,1473,106,there's my extension so you'll call me if you you know,O,FI,misc.hlqc.gold,misc.hlqc.gold:1473,O,ST,"O

The target utterance ""there's my extension so you'll call me if you you know"" is a structural or facilitative utterance that provides the client with the counsellor's contact information. It does not engage in any specific MI technique but serves to facilitate future communication. Therefore, it falls under the ""Other/Neutral (O)"" category with the behavioral code ""Structure (ST)"".",ST,2
7,low_031,client,605,29,my weights been coming up so I think things will come up in a month,1474,107,my weights been coming up,N,N,misc.hlqc.gold,misc.hlqc.gold:1474,S,O-,S,O-,3
7,low_031,client,605,29,my weights been coming up so I think things will come up in a month,1475,108,so I think things will come up in a month,S,AB-,misc.hlqc.gold,misc.hlqc.gold:1475,N,N,N,**label**: N,5
7,low_031,counsellor,606,30,yeah well I I would hope that with some you know with some exercise and with starting to be more aware by writing down what you eat you may find it as you have to write it down that you may find that you will avoid eating certain things because you don't want to you know as you write it down it may make you feel like well now I'm not so sure I should eat this like if you're gonna eat a whole container of ice cream you know you might not want to have to write that down so you may just limit yourself to a scoop or two of ice cream so there is some kind of pieces that help with having to write things down and I think we're just gonna take it step by step but again there's my phone and my extension so I'm here if you need me,1476,109,yeah well I I would hope that with some you know with some exercise and with starting to be more aware by writing down what you eat you may find it as you have to write it down that you may find that you will avoid eating certain things because you don't want to,IMC,ADP,misc.hlqc.gold,misc.hlqc.gold:1476,CRL,RF,"CRL - Complex Reflection (CR)

The counsellor's utterance reflects and expands on the client's statement about their weight and potential changes over the next month. It adds meaning by suggesting that increased awareness through journaling and exercise might lead to changes in eating habits, aligning with the client's expressed concerns and goals.",**Reframe (RF)**,7
7,low_031,counsellor,606,30,yeah well I I would hope that with some you know with some exercise and with starting to be more aware by writing down what you eat you may find it as you have to write it down that you may find that you will avoid eating certain things because you don't want to you know as you write it down it may make you feel like well now I'm not so sure I should eat this like if you're gonna eat a whole container of ice cream you know you might not want to have to write that down so you may just limit yourself to a scoop or two of ice cream so there is some kind of pieces that help with having to write things down and I think we're just gonna take it step by step but again there's my phone and my extension so I'm here if you need me,1477,110,you know as you write it down it may make you feel like well now I'm not so sure I should eat this,IMC,ADP,misc.hlqc.gold,misc.hlqc.gold:1477,CRL,RF,"CRL - Complex Reflection (CR) 

The counsellor's utterance adds significant meaning to the client's statement by suggesting a potential outcome of the journaling process, which is a deeper reflection on the client's eating habits. This aligns with the definition of a Complex Reflection.",Reframe (RF),6
7,low_031,counsellor,606,30,yeah well I I would hope that with some you know with some exercise and with starting to be more aware by writing down what you eat you may find it as you have to write it down that you may find that you will avoid eating certain things because you don't want to you know as you write it down it may make you feel like well now I'm not so sure I should eat this like if you're gonna eat a whole container of ice cream you know you might not want to have to write that down so you may just limit yourself to a scoop or two of ice cream so there is some kind of pieces that help with having to write things down and I think we're just gonna take it step by step but again there's my phone and my extension so I'm here if you need me,1478,111,like if you're gonna eat a whole container of ice cream you know you might not want to have to write that down so you may just limit yourself to a scoop or two of ice cream,IMC,ADP,misc.hlqc.gold,misc.hlqc.gold:1478,IMC,GI,"IMC

The counsellor's final utterance provides advice on how the client might change their behavior by suggesting they limit their ice cream intake to avoid having to write it down in the journal. This advice is given with the client's permission, as the client has expressed interest in the journaling process and its potential impact on their eating habits. The counsellor's suggestion aligns with the client's goal of managing their weight, which was discussed earlier in the session.",**GI**,4
7,low_031,counsellor,606,30,yeah well I I would hope that with some you know with some exercise and with starting to be more aware by writing down what you eat you may find it as you have to write it down that you may find that you will avoid eating certain things because you don't want to you know as you write it down it may make you feel like well now I'm not so sure I should eat this like if you're gonna eat a whole container of ice cream you know you might not want to have to write that down so you may just limit yourself to a scoop or two of ice cream so there is some kind of pieces that help with having to write things down and I think we're just gonna take it step by step but again there's my phone and my extension so I'm here if you need me,1479,112,so there is some kind of pieces that help with having to write things down,IMC,ADP,misc.hlqc.gold,misc.hlqc.gold:1479,SRL,SR,"SRL

The counsellor's final utterance is a paraphrase of the client's earlier statement about the potential benefits of writing down what they eat, which aligns with the Simple Reflection (SR) code under the S-Reflective (SRL) category.",**label**: Simple Reflection (SR),9
7,low_031,counsellor,606,30,yeah well I I would hope that with some you know with some exercise and with starting to be more aware by writing down what you eat you may find it as you have to write it down that you may find that you will avoid eating certain things because you don't want to you know as you write it down it may make you feel like well now I'm not so sure I should eat this like if you're gonna eat a whole container of ice cream you know you might not want to have to write that down so you may just limit yourself to a scoop or two of ice cream so there is some kind of pieces that help with having to write things down and I think we're just gonna take it step by step but again there's my phone and my extension so I'm here if you need me,1480,113,and I think we're just gonna take it step by step,IMC,ADP,misc.hlqc.gold,misc.hlqc.gold:1480,O,FA,"O

The target utterance ""and I think we're just gonna take it step by step"" is a structural or facilitative statement that does not engage in any specific MI technique. It serves to reassure the client about the approach to their progress, indicating a gradual and manageable process. This aligns with the ""Structure"" (ST) code under the ""Other/Neutral (O)"" category.",**label**: Facilitate (FA),10
7,low_031,counsellor,606,30,yeah well I I would hope that with some you know with some exercise and with starting to be more aware by writing down what you eat you may find it as you have to write it down that you may find that you will avoid eating certain things because you don't want to you know as you write it down it may make you feel like well now I'm not so sure I should eat this like if you're gonna eat a whole container of ice cream you know you might not want to have to write that down so you may just limit yourself to a scoop or two of ice cream so there is some kind of pieces that help with having to write things down and I think we're just gonna take it step by step but again there's my phone and my extension so I'm here if you need me,1481,114,but again there's my phone and my extension so I'm here if you need me,CRL,SU,misc.hlqc.gold,misc.hlqc.gold:1481,O,FA,"O

The target utterance is a structural or facilitative statement, providing the client with contact information and reinforcing the counsellor's availability. It does not engage in any specific MI technique such as reflection, advice, or questioning, and thus falls under the ""Other/Neutral"" category.",**label**: Facilitate (FA),10
7,low_031,client,607,31,okay,1482,115,okay,N,N,misc.hlqc.gold,misc.hlqc.gold:1482,N,N,N,label: N,4
7,low_031,counsellor,608,32,so let's just continue on our conversation that's so Tonya I'm really glad you were able to kind of come in and just talk with me for a couple minutes as I explained kind of briefly on the phone as part of your insurance benefit I'm available for you as your own personal coach you know I am a nurse but I have a lot of background in wellness so I've been really here to help guide people and kind of as a case manager I'm able to help you there help empower you don't kind of work towards your goals of what you're trying to work on with your health and I know you would express on the phone a little bit but I would love it if you tell me some more about you know what is one of maybe the main things you've been thinking about in relation to your health right now,1483,116,so let's just continue on our conversation,O,ST,misc.hlqc.gold,misc.hlqc.gold:1483,O,FA,"O

The target utterance ""so let's just continue on our conversation"" is a structural or facilitative statement used to transition or maintain the flow of the conversation. It does not engage in any specific MI technique such as reflection, advice, or questioning. Therefore, it falls under the ""Other/Neutral (O)"" category, specifically under the ""Structure (ST)"" behavioral code.",**label**: Facilitate (FA),10
7,low_031,counsellor,608,32,so let's just continue on our conversation that's so Tonya I'm really glad you were able to kind of come in and just talk with me for a couple minutes as I explained kind of briefly on the phone as part of your insurance benefit I'm available for you as your own personal coach you know I am a nurse but I have a lot of background in wellness so I've been really here to help guide people and kind of as a case manager I'm able to help you there help empower you don't kind of work towards your goals of what you're trying to work on with your health and I know you would express on the phone a little bit but I would love it if you tell me some more about you know what is one of maybe the main things you've been thinking about in relation to your health right now,1484,117,that's so Tonya I'm really glad you were able to kind of come in and just talk with me for a couple minutes,CRL,AF,misc.hlqc.gold,misc.hlqc.gold:1484,UNKNOWN,AF,O-Structure (ST),AF,2
7,low_031,counsellor,608,32,so let's just continue on our conversation that's so Tonya I'm really glad you were able to kind of come in and just talk with me for a couple minutes as I explained kind of briefly on the phone as part of your insurance benefit I'm available for you as your own personal coach you know I am a nurse but I have a lot of background in wellness so I've been really here to help guide people and kind of as a case manager I'm able to help you there help empower you don't kind of work towards your goals of what you're trying to work on with your health and I know you would express on the phone a little bit but I would love it if you tell me some more about you know what is one of maybe the main things you've been thinking about in relation to your health right now,1485,118,as I explained kind of briefly on the phone as part of your insurance benefit I'm available for you as your own personal coach,O,FI,misc.hlqc.gold,misc.hlqc.gold:1485,O,ST,"O

The target utterance is a structural statement providing information about the counsellor's availability and role as part of the client's insurance benefit. It does not engage in any specific MI technique or seek permission, nor does it provide advice or raise concerns. Therefore, it falls under the ""Other/Neutral (O)"" category, specifically under the ""Structure (ST)"" behavioral code.",ST,2
7,low_031,counsellor,608,32,so let's just continue on our conversation that's so Tonya I'm really glad you were able to kind of come in and just talk with me for a couple minutes as I explained kind of briefly on the phone as part of your insurance benefit I'm available for you as your own personal coach you know I am a nurse but I have a lot of background in wellness so I've been really here to help guide people and kind of as a case manager I'm able to help you there help empower you don't kind of work towards your goals of what you're trying to work on with your health and I know you would express on the phone a little bit but I would love it if you tell me some more about you know what is one of maybe the main things you've been thinking about in relation to your health right now,1486,119,you know I am a nurse but I have a lot of background in wellness,O,FI,misc.hlqc.gold,misc.hlqc.gold:1486,O,ST,"O

The target utterance ""you know I am a nurse but I have a lot of background in wellness"" serves as a structural or facilitative statement, providing background information about the counsellor's qualifications. It does not engage in any specific MI technique or seek to gather information, reflect, or provide advice. Therefore, it falls under the ""Other/Neutral (O)"" category, specifically under the ""Structure (ST)"" behavioral code.",ST,2
7,low_031,counsellor,608,32,so let's just continue on our conversation that's so Tonya I'm really glad you were able to kind of come in and just talk with me for a couple minutes as I explained kind of briefly on the phone as part of your insurance benefit I'm available for you as your own personal coach you know I am a nurse but I have a lot of background in wellness so I've been really here to help guide people and kind of as a case manager I'm able to help you there help empower you don't kind of work towards your goals of what you're trying to work on with your health and I know you would express on the phone a little bit but I would love it if you tell me some more about you know what is one of maybe the main things you've been thinking about in relation to your health right now,1487,120,so I've been really here to help guide people and kind of as a case manager I'm able to help you there,O,FI,misc.hlqc.gold,misc.hlqc.gold:1487,O,ST,"O

The target utterance is a structural statement that provides information about the counsellor's role and availability, which does not engage in any specific MI technique. It serves to clarify the counsellor's function as a guide and case manager, fitting the ""Structure"" (ST) code under the ""Other/Neutral (O)"" category.",ST,2
7,low_031,counsellor,608,32,so let's just continue on our conversation that's so Tonya I'm really glad you were able to kind of come in and just talk with me for a couple minutes as I explained kind of briefly on the phone as part of your insurance benefit I'm available for you as your own personal coach you know I am a nurse but I have a lot of background in wellness so I've been really here to help guide people and kind of as a case manager I'm able to help you there help empower you don't kind of work towards your goals of what you're trying to work on with your health and I know you would express on the phone a little bit but I would love it if you tell me some more about you know what is one of maybe the main things you've been thinking about in relation to your health right now,1488,121,help empower you don't kind of work towards your goals of what you're trying to work on with your health,O,FI,misc.hlqc.gold,misc.hlqc.gold:1488,CRL,EC,"CRL (Complex Reflection) - Emphasize Control (EC)

The counsellor's final utterance acknowledges and emphasizes the client's autonomy and freedom to work towards their health goals, aligning with the ""Emphasize Control"" behavioral code.",**Emphasize Control (EC)**,9
7,low_031,counsellor,608,32,so let's just continue on our conversation that's so Tonya I'm really glad you were able to kind of come in and just talk with me for a couple minutes as I explained kind of briefly on the phone as part of your insurance benefit I'm available for you as your own personal coach you know I am a nurse but I have a lot of background in wellness so I've been really here to help guide people and kind of as a case manager I'm able to help you there help empower you don't kind of work towards your goals of what you're trying to work on with your health and I know you would express on the phone a little bit but I would love it if you tell me some more about you know what is one of maybe the main things you've been thinking about in relation to your health right now,1489,122,and I know you would express on the phone a little bit,O,FI,misc.hlqc.gold,misc.hlqc.gold:1489,O,FI,"O

The target utterance ""and I know you would express on the phone a little bit"" is a structural or facilitative utterance that does not engage in any specific MI technique. It serves to transition or connect the conversation, making it fall under the ""Other/Neutral (O)"" category.",FI,2
7,low_031,counsellor,608,32,so let's just continue on our conversation that's so Tonya I'm really glad you were able to kind of come in and just talk with me for a couple minutes as I explained kind of briefly on the phone as part of your insurance benefit I'm available for you as your own personal coach you know I am a nurse but I have a lot of background in wellness so I've been really here to help guide people and kind of as a case manager I'm able to help you there help empower you don't kind of work towards your goals of what you're trying to work on with your health and I know you would express on the phone a little bit but I would love it if you tell me some more about you know what is one of maybe the main things you've been thinking about in relation to your health right now,1490,123,but I would love it if you tell me some more about you know what is one of maybe the main things you've been thinking about in relation to your health right now,Q,OQ,misc.hlqc.gold,misc.hlqc.gold:1490,Q,OQ,Q (Open Question - OQ),**label**: OQ,6
7,low_031,client,609,33,okay well basically I feel like if I don't if I don't stay on certain habits and routines then everything just kind of goes kaput,1491,124,okay well basically I feel like if I don't if I don't stay on certain habits and routines then everything just kind of goes kaput,N,N,misc.hlqc.gold,misc.hlqc.gold:1491,S,N-,S,**N-**,5
7,low_031,counsellor,610,34,so the structure is really important to you in your life in order to manage your house,1492,125,so the structure is really important to you in your life,SRL,SR,misc.hlqc.gold,misc.hlqc.gold:1492,CRL,CR,"CRL (Complex Reflection) - The counsellor's utterance ""so the structure is really important to you in your life"" adds significant meaning to the client's previous statement about the importance of habits and routines. It reflects a deeper understanding of the client's perspective, emphasizing the role of structure in their life.",**CR**,4
7,low_031,counsellor,610,34,so the structure is really important to you in your life in order to manage your house,1493,126,in order to manage your house,SRL,SR,misc.hlqc.gold,misc.hlqc.gold:1493,SRL,SR,"SRL (Simple Reflection) - Simple Reflection (SR) 

The counsellor's final utterance is a simple reflection of the client's statement about the importance of structure in managing their life and house. It paraphrases the client's words without adding extra insight.",**label**: Simple Reflection (SR),9
7,low_031,client,611,35,yeah I realize there's certain things I have to do in order to stay on on track yeah or else everything just kind of then I start noticing that I get into this whole this whole myriad of unhealthy unhealthy things I feel yucky basically,1494,127,yeah I realize there's certain things I have to do in order to stay on on track,N,N,misc.hlqc.gold,misc.hlqc.gold:1494,N,N,N,**label**: N,5
7,low_031,client,611,35,yeah I realize there's certain things I have to do in order to stay on on track yeah or else everything just kind of then I start noticing that I get into this whole this whole myriad of unhealthy unhealthy things I feel yucky basically,1495,128,yeah or else everything just kind of,N,N,misc.hlqc.gold,misc.hlqc.gold:1495,S,N-,S,**label**: N-,6
7,low_031,client,611,35,yeah I realize there's certain things I have to do in order to stay on on track yeah or else everything just kind of then I start noticing that I get into this whole this whole myriad of unhealthy unhealthy things I feel yucky basically,1496,129,then I start noticing that I get into this whole this whole myriad of unhealthy unhealthy things,N,N,misc.hlqc.gold,misc.hlqc.gold:1496,S,O-,S,O-,3
7,low_031,client,611,35,yeah I realize there's certain things I have to do in order to stay on on track yeah or else everything just kind of then I start noticing that I get into this whole this whole myriad of unhealthy unhealthy things I feel yucky basically,1497,130,I feel yucky basically,N,N,misc.hlqc.gold,misc.hlqc.gold:1497,C,O+,C,**O+**,5
7,low_031,counsellor,612,36,so it almost sounds like a house of cards if one kind of shifts away from from that,1498,131,so it almost sounds like a house of cards,CRL,CR,misc.hlqc.gold,misc.hlqc.gold:1498,CRL,RF,CRL (Complex Reflection - CR),**Reframe (RF)**,7
7,low_031,counsellor,612,36,so it almost sounds like a house of cards if one kind of shifts away from from that,1499,132,if one kind of shifts away from from that,CRL,CR,misc.hlqc.gold,misc.hlqc.gold:1499,SRL,SR,"SRL (Simple Reflection) - Simple Reflection (SR) 

The counsellor's utterance ""if one kind of shifts away from from that"" is a simple reflection of the client's statement about the importance of maintaining certain habits and routines to avoid feeling ""yucky"" and experiencing a cascade of unhealthy behaviors. It mirrors the client's metaphor of a ""house of cards"" without adding new meaning or insight.",**label**: Simple Reflection (SR),9
7,low_031,client,613,37,hmm,1500,133,hmm,N,N,misc.hlqc.gold,misc.hlqc.gold:1500,N,N,N,**label**: N,5
7,low_031,counsellor,614,38,they just kind of all fall down very quickly and then you start to not feel good about yourself or you don't start to feel good in general physically,1501,134,they just kind of all fall down very quickly,CRL,CR,misc.hlqc.gold,misc.hlqc.gold:1501,SRL,SR,SRL - Simple Reflection (SR),**label**: Simple Reflection (SR),9
7,low_031,counsellor,614,38,they just kind of all fall down very quickly and then you start to not feel good about yourself or you don't start to feel good in general physically,1502,135,and then you start to not feel good about yourself,CRL,CR,misc.hlqc.gold,misc.hlqc.gold:1502,SRL,SR,"SRL

The counsellor's final utterance, ""and then you start to not feel good about yourself,"" is a simple reflection of the client's previous statement. It paraphrases the client's expression of feeling ""yucky"" when they deviate from their routines, without adding new insight or interpretation. This aligns with the Simple Reflection (SR) code under the S-Reflective (SRL) category.",**label**: Simple Reflection (SR),9
7,low_031,counsellor,614,38,they just kind of all fall down very quickly and then you start to not feel good about yourself or you don't start to feel good in general physically,1503,136,or you don't start to feel good in general physically,CRL,CR,misc.hlqc.gold,misc.hlqc.gold:1503,SRL,SR,"SRL (Simple Reflection) - SR

The counsellor's final utterance is a simple reflection of the client's statement, paraphrasing the client's concern about not feeling good physically when their routines are disrupted.",**label**: Simple Reflection (SR),9
7,low_031,client,615,39,yeah I don't start field of it in general physically and then I you know I I yeah I can feel a change in my body and I just feel yucky because I'm then I end up not doing anything really,1504,137,yeah I don't start field of it in general physically,N,N,misc.hlqc.gold,misc.hlqc.gold:1504,N,N,N,N,2
7,low_031,client,615,39,yeah I don't start field of it in general physically and then I you know I I yeah I can feel a change in my body and I just feel yucky because I'm then I end up not doing anything really,1505,138,and then I you know I I yeah I can feel a change in my body,N,N,misc.hlqc.gold,misc.hlqc.gold:1505,N,N,N,**label**: N,5
7,low_031,client,615,39,yeah I don't start field of it in general physically and then I you know I I yeah I can feel a change in my body and I just feel yucky because I'm then I end up not doing anything really,1506,139,and I just feel yucky,N,N,misc.hlqc.gold,misc.hlqc.gold:1506,C,O+,C,O+,3
7,low_031,client,615,39,yeah I don't start field of it in general physically and then I you know I I yeah I can feel a change in my body and I just feel yucky because I'm then I end up not doing anything really,1507,140,because I'm then I end up not doing anything really,N,N,misc.hlqc.gold,misc.hlqc.gold:1507,N,N,N,**label**: N,5
7,low_031,counsellor,616,40,oh okay so because you start feeling poorly or you started feeling badly then you just kind of say well whatever or,1508,141,oh okay so because you start feeling poorly or you started feeling badly then you just kind of say well whatever or,CRL,CR,misc.hlqc.gold,misc.hlqc.gold:1508,SRL,SR,"SRL (Simple Reflection) - Simple Reflection (SR) 

The counsellor's utterance is a paraphrase of the client's statement, reflecting back what the client has said without adding new insight or interpretation.",label: Simple Reflection (SR),8
7,low_031,client,617,41,yeah yeah it's kind of I move on and good habit reinforces on the so they build upon each other and it's sort of like if I don't have that collection of good habits then yeah I start to feel it because I'm not exercising and then I start to feel you know the fat come on and yeah,1509,142,yeah yeah it's kind of I move on and good habit reinforces on the so they build upon each other,N,N,misc.hlqc.gold,misc.hlqc.gold:1509,N,N,N,**label**: N,5
7,low_031,client,617,41,yeah yeah it's kind of I move on and good habit reinforces on the so they build upon each other and it's sort of like if I don't have that collection of good habits then yeah I start to feel it because I'm not exercising and then I start to feel you know the fat come on and yeah,1510,143,and it's sort of like if I don't have that collection of good habits then yeah I start to feel it,N,N,misc.hlqc.gold,misc.hlqc.gold:1510,C,O+,C,O+,3
7,low_031,client,617,41,yeah yeah it's kind of I move on and good habit reinforces on the so they build upon each other and it's sort of like if I don't have that collection of good habits then yeah I start to feel it because I'm not exercising and then I start to feel you know the fat come on and yeah,1511,144,because I'm not exercising and then I start to feel you know the fat come on,N,N,misc.hlqc.gold,misc.hlqc.gold:1511,C,O+,C,O+,3
7,low_031,client,617,41,yeah yeah it's kind of I move on and good habit reinforces on the so they build upon each other and it's sort of like if I don't have that collection of good habits then yeah I start to feel it because I'm not exercising and then I start to feel you know the fat come on and yeah,1512,145,and yeah,N,N,misc.hlqc.gold,misc.hlqc.gold:1512,N,N,N,**label**: N,5
7,low_031,counsellor,618,42,for you it feels like this whole kind of circle of things almost the quickl you're not doing what you need to be doing then you start to feel a weight difference in your weight,1513,146,for you it feels like this whole kind of circle of things almost,CRL,CR,misc.hlqc.gold,misc.hlqc.gold:1513,SRL,SR,SRL (Simple Reflection) - Simple Reflection (SR),**label**: Simple Reflection (SR),9
7,low_031,counsellor,618,42,for you it feels like this whole kind of circle of things almost the quickl you're not doing what you need to be doing then you start to feel a weight difference in your weight,1514,147,the quickl you're not doing what you need to be doing,CRL,CR,misc.hlqc.gold,misc.hlqc.gold:1514,O,ST,"O

The target utterance ""the quickl you're not doing what you need to be doing"" appears to be a truncated or incomplete statement. It does not fit into any of the specific categories of MI techniques as it lacks clarity and does not convey a complete thought or action. Therefore, it is best classified as ""Other/Neutral (O)"" under the ""Structure (ST)"" code, as it seems to be an attempt to transition or summarize but is not fully formed.",ST,2
7,low_031,counsellor,618,42,for you it feels like this whole kind of circle of things almost the quickl you're not doing what you need to be doing then you start to feel a weight difference in your weight,1515,148,then you start to feel a weight difference in your weight,CRL,CR,misc.hlqc.gold,misc.hlqc.gold:1515,SRL,SR,"SRL

The counsellor's utterance ""then you start to feel a weight difference in your weight"" is a paraphrase of the client's statement about feeling a change in their body and noticing weight differences. This reflects the client's words without adding extra insight, fitting the Simple Reflection (SR) code under S-Reflective (SRL).",**label**: Simple Reflection (SR),9
7,low_031,client,619,43,yeah,1516,149,yeah,N,N,misc.hlqc.gold,misc.hlqc.gold:1516,N,N,N,**label**: N,5
7,low_031,counsellor,620,44,so it just kind of builds on itself,1517,150,so it just kind of builds on itself,CRL,CR,misc.hlqc.gold,misc.hlqc.gold:1517,SRL,SR,"SRL (Simple Reflection) - Simple Reflection (SR) 

The counsellor's final utterance, ""so it just kind of builds on itself,"" is a simple reflection of the client's previous statement about how not having good habits leads to feeling worse and noticing changes in their body. It mirrors the client's description without adding new insight or interpretation.",label: Simple Reflection (SR),8
7,low_031,client,621,45,yeah,1518,151,yeah,N,N,misc.hlqc.gold,misc.hlqc.gold:1518,N,N,N,**label**: N,5
7,low_031,counsellor,622,46,so what do you see is the key goal that you're trying to focus on right now or maybe a group of goals what are what are your key things that you are wanting to have happen,1519,152,so what do you see is the key goal that you're trying to focus on right now,Q,OQ,misc.hlqc.gold,misc.hlqc.gold:1519,Q,CQ,Q,**label**: CQ,6
7,low_031,counsellor,622,46,so what do you see is the key goal that you're trying to focus on right now or maybe a group of goals what are what are your key things that you are wanting to have happen,1520,153,or maybe a group of goals,Q,OQ,misc.hlqc.gold,misc.hlqc.gold:1520,Q,OQ,Q,OQ,3
7,low_031,counsellor,622,46,so what do you see is the key goal that you're trying to focus on right now or maybe a group of goals what are what are your key things that you are wanting to have happen,1521,154,what are what are your key things that you are wanting to have happen,Q,OQ,misc.hlqc.gold,misc.hlqc.gold:1521,Q,OQ,Q,**label**: OQ,6
7,low_031,client,623,47,well I think just doing those things that do make me feel good you know,1522,155,well I think just doing those things that do make me feel good you know,C,AC+,misc.hlqc.gold,misc.hlqc.gold:1522,N,N,N,**label**: N,5
7,low_031,counsellor,624,48,tell me a little bit about those,1523,156,tell me a little bit about those,O,OQ,misc.hlqc.gold,misc.hlqc.gold:1523,Q,OQ,Q,**label**: OQ,6
7,low_031,client,625,49,drinking water eating a certain amount of fruits and vegetables per day giving a certain amount of activity in per day and I was just thinking lately what's important to me is having one kind of thing that I do around physical activity that's social so I'm around other people and I realized that that makes a big difference to,1524,157,drinking water,C,AC+,misc.hlqc.gold,misc.hlqc.gold:1524,N,N,N,N,2
7,low_031,client,625,49,drinking water eating a certain amount of fruits and vegetables per day giving a certain amount of activity in per day and I was just thinking lately what's important to me is having one kind of thing that I do around physical activity that's social so I'm around other people and I realized that that makes a big difference to,1525,158,eating a certain amount of fruits and vegetables per day,C,AC+,misc.hlqc.gold,misc.hlqc.gold:1525,N,N,N,N,2
7,low_031,client,625,49,drinking water eating a certain amount of fruits and vegetables per day giving a certain amount of activity in per day and I was just thinking lately what's important to me is having one kind of thing that I do around physical activity that's social so I'm around other people and I realized that that makes a big difference to,1526,159,giving a certain amount of activity in per day,C,AC+,misc.hlqc.gold,misc.hlqc.gold:1526,N,N,N,N,2
7,low_031,client,625,49,drinking water eating a certain amount of fruits and vegetables per day giving a certain amount of activity in per day and I was just thinking lately what's important to me is having one kind of thing that I do around physical activity that's social so I'm around other people and I realized that that makes a big difference to,1527,160,and I was just thinking lately what's important to me is having one kind of thing that I do around physical activity that's social,C,AC+,misc.hlqc.gold,misc.hlqc.gold:1527,N,N,N,**label**: N,5
7,low_031,client,625,49,drinking water eating a certain amount of fruits and vegetables per day giving a certain amount of activity in per day and I was just thinking lately what's important to me is having one kind of thing that I do around physical activity that's social so I'm around other people and I realized that that makes a big difference to,1528,161,so I'm around other people,C,AC+,misc.hlqc.gold,misc.hlqc.gold:1528,N,N,N,N,2
7,low_031,client,625,49,drinking water eating a certain amount of fruits and vegetables per day giving a certain amount of activity in per day and I was just thinking lately what's important to me is having one kind of thing that I do around physical activity that's social so I'm around other people and I realized that that makes a big difference to,1529,162,and I realized that that makes a big difference to,C,AC+,misc.hlqc.gold,misc.hlqc.gold:1529,N,N,N,N,2
7,low_031,counsellor,626,50,Oh social physical activity,1530,163,Oh social physical activity,SRL,SR,misc.hlqc.gold,misc.hlqc.gold:1530,O,FA,"O

The counsellor's utterance ""Oh social physical activity"" functions as a facilitative utterance, acknowledging and reflecting the client's statement without adding new information or insight. It serves to keep the conversation going and shows the counsellor's engagement with the client's focus on social physical activity. This aligns with the ""Facilitate"" (FA) code under the ""Other/Neutral (O)"" category.",FA,2
7,low_031,client,627,51,yeah,1531,164,yeah,N,N,misc.hlqc.gold,misc.hlqc.gold:1531,N,N,N,**label**: N,5
7,low_031,counsellor,628,52,that you get to be out and be with people like,1532,165,that you get to be out and be with people like,SRL,SR,misc.hlqc.gold,misc.hlqc.gold:1532,SRL,SR,"SRL (Simple Reflection) - Simple Reflection (SR) 

The counsellor's utterance ""that you get to be out and be with people like"" is a simple reflection of the client's statement about the importance of social physical activity. It mirrors the client's words without adding extra insight or interpretation.",**label**: Simple Reflection (SR),9
7,low_031,client,629,53,yeah j,1533,166,yeah,N,N,misc.hlqc.gold,misc.hlqc.gold:1533,N,N,N,**label**: N,5
7,low_031,client,629,53,yeah j,1534,167,j,N,N,misc.hlqc.gold,misc.hlqc.gold:1534,N,N,N,N,2
7,low_031,counsellor,630,54,Just doing on your own right like even going to a gym and just being around other people working out. We're going to some kind of exercise class just to be around other people who they're their general goal is to you know do physical activity and feel better through it.,1535,168,Just doing on your own right like even going to a gym and just being around other people working out.,SRL,SR,misc.hlqc.gold,misc.hlqc.gold:1535,SRL,SR,"SRL (Simple Reflection) - Simple Reflection (SR) 

The counsellor's utterance mirrors the client's statement about the importance of social physical activity by rephrasing it, without adding new insight or interpretation.",**label**: Simple Reflection (SR),9
7,low_031,counsellor,630,54,Just doing on your own right like even going to a gym and just being around other people working out. We're going to some kind of exercise class just to be around other people who they're their general goal is to you know do physical activity and feel better through it.,1536,169,We're going to some kind of exercise class just to be around other people who they're their general goal is to you know do physical activity and feel better through it.,SRL,SR,misc.hlqc.gold,misc.hlqc.gold:1536,IMC,ADP,"IMC

The counsellor's final utterance suggests a specific action (joining an exercise class) that aligns with the client's expressed interest in social physical activity. The client has shown interest in being around other people while engaging in physical activity, which implies permission for the counsellor to provide this suggestion. Therefore, the utterance falls under the category of ""Imperative-MICO (IMC)"" as it provides advice with client permission.",**Advise With Permission (ADP)**,10
7,low_031,client,631,55,hmm so that you kind of feel like you're in a partnership together,1537,170,hmm so that you kind of feel like you're in a partnership together,N,N,misc.hlqc.gold,misc.hlqc.gold:1537,N,N,N,**label**: N,5
7,low_031,counsellor,632,56,yeah,1538,171,yeah,O,FI,misc.hlqc.gold,misc.hlqc.gold:1538,O,FA,O,FA,2
7,low_031,client,633,57,that's rather than just you're wrong,1539,172,that's rather than just you're wrong,N,N,misc.hlqc.gold,misc.hlqc.gold:1539,N,N,N,N,2
7,low_031,counsellor,634,58,yeah,1540,173,yeah,O,FI,misc.hlqc.gold,misc.hlqc.gold:1540,O,FA,O (Structure),FA,2
7,low_031,client,635,59,yeah I'm working toward this together as a group,1541,174,yeah,N,N,misc.hlqc.gold,misc.hlqc.gold:1541,N,N,N,N,2
7,low_031,client,635,59,yeah I'm working toward this together as a group,1542,175,I'm working toward this together as a group,N,N,misc.hlqc.gold,misc.hlqc.gold:1542,C,AC+,C,AC+,3
7,low_031,counsellor,636,60,yeah so you've talked about several different kind of pieces that are important to you if we just took a look at that one activity because that sounds like a newer thing that you're really trying to push with where would you put yourself on how important this is to you want to say on a scale of one to ten just just on importance,1543,176,yeah,O,FI,misc.hlqc.gold,misc.hlqc.gold:1543,O,FA,"O

The counsellor's utterance ""yeah"" functions as a simple acknowledgment or facilitative response, which aligns with the ""Facilitate"" (FA) behavioral code under the ""Other/Neutral (O)"" category. It does not engage in any specific MI technique but serves to encourage the client to continue speaking.",FA,2
7,low_031,counsellor,636,60,yeah so you've talked about several different kind of pieces that are important to you if we just took a look at that one activity because that sounds like a newer thing that you're really trying to push with where would you put yourself on how important this is to you want to say on a scale of one to ten just just on importance,1544,177,so you've talked about several different kind of pieces that are important to you,SRL,SR,misc.hlqc.gold,misc.hlqc.gold:1544,SRL,SR,SRL,**label**: Simple Reflection (SR),9
7,low_031,counsellor,636,60,yeah so you've talked about several different kind of pieces that are important to you if we just took a look at that one activity because that sounds like a newer thing that you're really trying to push with where would you put yourself on how important this is to you want to say on a scale of one to ten just just on importance,1545,178,if we just took a look at that one activity because that sounds like a newer thing that you're really trying to push with,SRL,SR,misc.hlqc.gold,misc.hlqc.gold:1545,SRL,SR,SRL,**label**: Simple Reflection (SR),9
7,low_031,counsellor,636,60,yeah so you've talked about several different kind of pieces that are important to you if we just took a look at that one activity because that sounds like a newer thing that you're really trying to push with where would you put yourself on how important this is to you want to say on a scale of one to ten just just on importance,1546,179,where would you put yourself on how important this is to you,O,CQ,misc.hlqc.gold,misc.hlqc.gold:1546,Q,CQ,Q (Open Question - OQ),**label**: CQ,6
7,low_031,counsellor,636,60,yeah so you've talked about several different kind of pieces that are important to you if we just took a look at that one activity because that sounds like a newer thing that you're really trying to push with where would you put yourself on how important this is to you want to say on a scale of one to ten just just on importance,1547,180,want to say on a scale of one to ten just just on importance,O,CQ,misc.hlqc.gold,misc.hlqc.gold:1547,Q,CQ,Q,**label**: Closed Question (CQ),10
7,low_031,client,637,61,yeah right now I realized that it would be this is just something I came to realization today so it would be about I think it's an eight,1548,181,yeah right now I realized that it would be,N,N,misc.hlqc.gold,misc.hlqc.gold:1548,N,N,N,N,2
7,low_031,client,637,61,yeah right now I realized that it would be this is just something I came to realization today so it would be about I think it's an eight,1549,182,this is just something I came to realization today,N,N,misc.hlqc.gold,misc.hlqc.gold:1549,N,N,N,N,2
7,low_031,client,637,61,yeah right now I realized that it would be this is just something I came to realization today so it would be about I think it's an eight,1550,183,so it would be about,N,N,misc.hlqc.gold,misc.hlqc.gold:1550,N,N,N,N,2
7,low_031,client,637,61,yeah right now I realized that it would be this is just something I came to realization today so it would be about I think it's an eight,1551,184,I think it's an eight,N,N,misc.hlqc.gold,misc.hlqc.gold:1551,C,N+,C,N+,3
7,low_031,counsellor,638,62,Wow eight yeah it's really really up there,1552,185,Wow,O,FI,misc.hlqc.gold,misc.hlqc.gold:1552,O,FA,O,FA,2
7,low_031,counsellor,638,62,Wow eight yeah it's really really up there,1553,186,eight,SRL,SR,misc.hlqc.gold,misc.hlqc.gold:1553,O,ST,"O

The target utterance ""eight"" is a structural or facilitative utterance that does not engage in MI techniques. It serves as a simple acknowledgment of the client's previous statement, functioning as a ""keep-going"" acknowledgment. Therefore, it falls under the ""Other/Neutral (O)"" category with the behavioral code ""Structure (ST).""",ST,2
7,low_031,counsellor,638,62,Wow eight yeah it's really really up there,1554,187,yeah it's really really up there,CRL,CR,misc.hlqc.gold,misc.hlqc.gold:1554,SRL,SR,SRL - Simple Reflection (SR),**label**: Simple Reflection (SR),9
7,low_031,client,639,63,yeah,1555,188,yeah,N,N,misc.hlqc.gold,misc.hlqc.gold:1555,N,N,N,**label**: N,5
7,low_031,counsellor,640,64,it's not a four or five right why would you say an eight not a four or five,1556,189,it's not a four or five right,CRL,CR,misc.hlqc.gold,misc.hlqc.gold:1556,SRL,SR,"SRL (Simple Reflection) - Simple Reflection (SR) 

The counsellor's utterance ""it's not a four or five right"" is a simple reflection of the client's previous statement about the importance of the activity being an eight. It mirrors the client's sentiment without adding new insight or interpretation.",**label**: Simple Reflection (SR),9
7,low_031,counsellor,640,64,it's not a four or five right why would you say an eight not a four or five,1557,190,why would you say an eight,Q,OQ,misc.hlqc.gold,misc.hlqc.gold:1557,Q,CQ,Q (Open Question - OQ),**label**: Closed Question (CQ),10
7,low_031,counsellor,640,64,it's not a four or five right why would you say an eight not a four or five,1558,191,not a four or five,Q,OQ,misc.hlqc.gold,misc.hlqc.gold:1558,SRL,SR,"SRL (Simple Reflection) - Simple Reflection (SR) 

The counsellor's utterance ""not a four or five"" is a simple reflection that mirrors the client's previous statement about the importance of the activity being an eight, without adding extra insight. It paraphrases the client's choice of rating to encourage further exploration.",**label**: Simple Reflection (SR),9
7,low_031,client,641,65,because I that it's a it is important for me to have social interaction and be around people who are doing like I guess you'd say like-minded like-minded things and then it becomes less just about me and more about you know just sharing,1559,192,because I that it's a it is important for me to have social interaction and be around people who are doing like I guess you'd say like-minded like-minded things,N,N,misc.hlqc.gold,misc.hlqc.gold:1559,N,N,N,**label**: N,5
7,low_031,client,641,65,because I that it's a it is important for me to have social interaction and be around people who are doing like I guess you'd say like-minded like-minded things and then it becomes less just about me and more about you know just sharing,1560,193,and then it becomes less just about me,N,N,misc.hlqc.gold,misc.hlqc.gold:1560,N,N,N,**label**: N,5
7,low_031,client,641,65,because I that it's a it is important for me to have social interaction and be around people who are doing like I guess you'd say like-minded like-minded things and then it becomes less just about me and more about you know just sharing,1561,194,and more about you know just sharing,N,N,misc.hlqc.gold,misc.hlqc.gold:1561,N,N,N,**label**: N,5
7,low_031,counsellor,642,66,oh okay it's about sharing there's that yeah really that piece of connectedness that's really important for you,1562,195,oh okay it's about sharing,SRL,SR,misc.hlqc.gold,misc.hlqc.gold:1562,SRL,SR,SRL - Simple Reflection (SR),**label**: Simple Reflection (SR),9
7,low_031,counsellor,642,66,oh okay it's about sharing there's that yeah really that piece of connectedness that's really important for you,1563,196,there's that,O,FI,misc.hlqc.gold,misc.hlqc.gold:1563,SRL,SR,"SRL (Simple Reflection) - Simple Reflection (SR) 

The counsellor's utterance ""there's that"" is a simple reflection that acknowledges and mirrors the client's statement about the importance of sharing and social interaction. It does not add extra insight or meaning, fitting the definition of a simple reflection.",**label**: Simple Reflection (SR),9
7,low_031,counsellor,642,66,oh okay it's about sharing there's that yeah really that piece of connectedness that's really important for you,1564,197,yeah really that piece of connectedness,SRL,SR,misc.hlqc.gold,misc.hlqc.gold:1564,SRL,SR,SRL - Simple Reflection (SR),**label**: Simple Reflection (SR),9
7,low_031,counsellor,642,66,oh okay it's about sharing there's that yeah really that piece of connectedness that's really important for you,1565,198,that's really important for you,SRL,SR,misc.hlqc.gold,misc.hlqc.gold:1565,CRL,EC,"CRL (Complex Reflection) - The counsellor's utterance ""that's really important for you"" adds significant meaning to the client's statement about the importance of social interaction and connectedness. It acknowledges and affirms the client's perspective, emphasizing the value they place on these aspects of their life.",**EC**,4
7,low_031,client,643,67,yeah,1566,199,yeah,N,N,misc.hlqc.gold,misc.hlqc.gold:1566,N,N,N,**label**: N,5
7,low_031,counsellor,644,68,so if we were to ask your second question and that's kind of where the rubber meets the road how confident are you that you could start finding a group activity let's say in the next two weeks,1567,200,so if we were to ask your second question and that's kind of where the rubber meets the road,Q,CQ,misc.hlqc.gold,misc.hlqc.gold:1567,O,ST,"O

The target utterance ""so if we were to ask your second question and that's kind of where the rubber meets the road"" serves as a transition or structure to move the conversation forward. It does not engage in any specific MI technique such as reflection, advice, or questioning. Instead, it functions to guide the session's flow, making it a structural or facilitative utterance. Therefore, it falls under the ""Other/Neutral (O)"" category with the behavioral code ""Structure (ST)"".",ST,2
7,low_031,counsellor,644,68,so if we were to ask your second question and that's kind of where the rubber meets the road how confident are you that you could start finding a group activity let's say in the next two weeks,1568,201,how confident are you that you could start finding a group activity,Q,CQ,misc.hlqc.gold,misc.hlqc.gold:1568,Q,CQ,Q (Open Question - OQ),**label**: Closed Question (CQ),10
7,low_031,counsellor,644,68,so if we were to ask your second question and that's kind of where the rubber meets the road how confident are you that you could start finding a group activity let's say in the next two weeks,1569,202,let's say in the next two weeks,Q,CQ,misc.hlqc.gold,misc.hlqc.gold:1569,Q,CQ,Q (Open Question - OQ),**label**: CQ,6
7,low_031,client,645,69,oh,1570,203,oh,N,N,misc.hlqc.gold,misc.hlqc.gold:1570,N,N,N,N,2
7,low_031,counsellor,646,70,you could start one obviously you've got steps to find it,1571,204,you could start one,IMI,ADW,misc.hlqc.gold,misc.hlqc.gold:1571,IMI,ADW,"IMI

The counsellor's utterance ""you could start one"" provides a suggestion or guidance without seeking or receiving explicit permission from the client. The client has not expressed a request for advice or shown openness to suggestions in this context, and the counsellor has not previously asked for permission to provide such guidance. Therefore, the utterance falls under the category of ""Imperative-MIIN (IMI)"" as it involves giving advice without permission.",**Advise Without Permission (ADW)**,10
7,low_031,counsellor,646,70,you could start one obviously you've got steps to find it,1572,205,obviously you've got steps to find it,IMI,ADW,misc.hlqc.gold,misc.hlqc.gold:1572,IMI,ADW,"IMI

The counsellor's utterance ""obviously you've got steps to find it"" provides guidance or advice without seeking or receiving explicit permission from the client. The counsellor does not ask for permission to suggest steps or provide guidance, nor does the client express a request for such information. Therefore, this falls under the category of **Imperative-MIIN (IMI)**, specifically **Advise Without Permission (ADW)**.",**Advise Without Permission (ADW)**,10
7,low_031,client,647,71,right,1573,206,right,N,N,misc.hlqc.gold,misc.hlqc.gold:1573,N,N,N,N,2
7,low_031,counsellor,648,72,involved but within two weeks you could find yourself in some type of a group activity,1574,207,involved but within two weeks you could find yourself in some type of a group activity,IMI,ADW,misc.hlqc.gold,misc.hlqc.gold:1574,SRL,SR,"SRL

The counsellor's final utterance is a paraphrase of the client's statement, reflecting the client's idea of finding a group activity within two weeks. It does not add new insight or meaning, fitting the definition of a Simple Reflection (SR).",**label**: Simple Reflection (SR),9
7,low_031,client,649,73,two weeks seems reasonable I think I can do it within two weeks so I would give that a eight,1575,208,two weeks seems reasonable,N,N,misc.hlqc.gold,misc.hlqc.gold:1575,N,N,N,**label**: N,5
7,low_031,client,649,73,two weeks seems reasonable I think I can do it within two weeks so I would give that a eight,1576,209,I think I can do it within two weeks,C,AB+,misc.hlqc.gold,misc.hlqc.gold:1576,C,AB+,C,AB+,3
7,low_031,client,649,73,two weeks seems reasonable I think I can do it within two weeks so I would give that a eight,1577,210,so I would give that a eight,C,AB+,misc.hlqc.gold,misc.hlqc.gold:1577,C,AB+,"**label**: C

The client's utterance indicates optimism about their ability to find a group activity within two weeks, which aligns with expressing optimism about their ability to change.",**AB+**,5
7,low_031,counsellor,650,74,so you would get that in ages yeah so it's something that's pretty important to you,1578,211,so you would get that in ages yeah,SRL,SR,misc.hlqc.gold,misc.hlqc.gold:1578,SRL,SR,"SRL (Simple Reflection) - Simple Reflection (SR) 

The counsellor's utterance ""so you would get that in ages yeah"" is a simple reflection of the client's statement about being able to join a group activity within two weeks. It paraphrases the client's sentiment without adding extra insight.",**label**: Simple Reflection (SR),9
7,low_031,counsellor,650,74,so you would get that in ages yeah so it's something that's pretty important to you,1579,212,so it's something that's pretty important to you,SRL,SR,misc.hlqc.gold,misc.hlqc.gold:1579,CRL,SU,CRL (Affirm),**label**: Support (SU),8
7,low_031,client,651,75,yeah,1580,213,yeah,N,N,misc.hlqc.gold,misc.hlqc.gold:1580,N,N,N,N,2
7,low_031,counsellor,652,76,definitely more than a six or seven and also you're really confident that you can go out there and do that,1581,214,definitely more than a six or seven,SRL,SR,misc.hlqc.gold,misc.hlqc.gold:1581,SRL,SR,"SRL (Simple Reflection) - Simple Reflection (SR) 

The counsellor's utterance ""definitely more than a six or seven"" is a simple reflection of the client's previous statement, reinforcing the client's assessment of the importance of the activity without adding new meaning or insight.",**label**: Simple Reflection (SR),9
7,low_031,counsellor,652,76,definitely more than a six or seven and also you're really confident that you can go out there and do that,1582,215,and also you're really confident that you can go out there and do that,SRL,SR,misc.hlqc.gold,misc.hlqc.gold:1582,CRL,EC,CRL: Affirm (AF),**EC**,4
7,low_031,client,653,77,yeah,1583,216,yeah,N,N,misc.hlqc.gold,misc.hlqc.gold:1583,N,N,N,N,2
7,low_031,counsellor,654,78,what do you see as some of the barriers that might get in your way,1584,217,what do you see as some of the barriers that might get in your way,Q,OQ,misc.hlqc.gold,misc.hlqc.gold:1584,Q,OQ,Q (Open Question - OQ),**label**: OQ,6
7,low_031,client,655,79,um I guess just structuring my time better,1585,218,um I guess just structuring my time better,N,N,misc.hlqc.gold,misc.hlqc.gold:1585,N,N,N,N,2
7,low_031,counsellor,656,80,structuring your day better,1586,219,structuring your day better,SRL,SR,misc.hlqc.gold,misc.hlqc.gold:1586,SRL,SR,SRL,**label**: Simple Reflection (SR),9
7,low_031,client,657,81,yes yes so really not slacking off and really not saying okay well I'm tired you know now tonight I'll just wait till tomorrow basically that,1587,220,yes yes so really not slacking off,N,N,misc.hlqc.gold,misc.hlqc.gold:1587,N,N,N,N,2
7,low_031,client,657,81,yes yes so really not slacking off and really not saying okay well I'm tired you know now tonight I'll just wait till tomorrow basically that,1588,221,and really not saying okay well I'm tired you know now tonight,N,N,misc.hlqc.gold,misc.hlqc.gold:1588,C,O+,C,O+,3
7,low_031,client,657,81,yes yes so really not slacking off and really not saying okay well I'm tired you know now tonight I'll just wait till tomorrow basically that,1589,222,I'll just wait till tomorrow basically that,N,N,misc.hlqc.gold,misc.hlqc.gold:1589,N,N,N,N,2
7,low_031,counsellor,658,82,so finding the time in your day,1590,223,so finding the time in your day,SRL,SR,misc.hlqc.gold,misc.hlqc.gold:1590,SRL,SR,SRL - Simple Reflection (SR),**label**: Simple Reflection (SR),9
7,low_031,client,659,83,yeah,1591,224,yeah,N,N,misc.hlqc.gold,misc.hlqc.gold:1591,N,N,N,N,2
7,low_031,counsellor,660,84,able to do or not do this or not,1592,225,able to do or not,SRL,SR,misc.hlqc.gold,misc.hlqc.gold:1592,SRL,SR,"SRL (Simple Reflection) - Simple Reflection (SR) 

The counsellor's utterance ""able to do or not"" is a simple reflection of the client's previous statement about structuring their time better and not slacking off. It mirrors the client's concern about finding the time to accomplish tasks without directly adding new insight or meaning.",**label**: Simple Reflection (SR),9
7,low_031,counsellor,660,84,able to do or not do this or not,1593,226,do this or not,SRL,SR,misc.hlqc.gold,misc.hlqc.gold:1593,O,ST,"O

The target utterance ""do this or not"" is a structural or facilitative utterance that does not engage in MI techniques. It appears to be a prompt for the client to make a decision or express a preference, but it does not fit into any of the specific MI behavioural codes. Therefore, it is classified as ""Other/Neutral (O)"" under the ""Structure (ST)"" code.",ST,2
7,low_031,client,661,85,yeah,1594,227,yeah,N,N,misc.hlqc.gold,misc.hlqc.gold:1594,N,N,N,N,2
7,low_031,counsellor,662,86,and how do you see that best in your day how do you see that working in like an evening kind of thing or,1595,228,and how do you see that best in your day,Q,OQ,misc.hlqc.gold,misc.hlqc.gold:1595,Q,OQ,Q (Open Question - OQ),**label**: OQ,6
7,low_031,counsellor,662,86,and how do you see that best in your day how do you see that working in like an evening kind of thing or,1596,229,how do you see that working in like an evening kind of thing or,Q,OQ,misc.hlqc.gold,misc.hlqc.gold:1596,Q,OQ,Q (Open Question - OQ),OQ,3
7,low_031,client,663,87,the evening yeah yeah right now the way the way just my today is structured with what I need to do in terms of um work and other commitments,1597,230,the evening yeah yeah right now,N,N,misc.hlqc.gold,misc.hlqc.gold:1597,N,N,N,N,2
7,low_031,client,663,87,the evening yeah yeah right now the way the way just my today is structured with what I need to do in terms of um work and other commitments,1598,231,the way the way just my today is structured with what I need to do in terms of um work and other commitments,N,N,misc.hlqc.gold,misc.hlqc.gold:1598,N,N,N,N,2
7,low_031,counsellor,664,88,okay,1599,232,okay,O,FA,misc.hlqc.gold,misc.hlqc.gold:1599,O,FA,O,FA,2
7,low_031,client,665,89,evening yeah,1600,233,evening yeah,N,N,misc.hlqc.gold,misc.hlqc.gold:1600,N,N,N,N,2
7,low_031,counsellor,666,90,so one of the things I hear people frequently will be saying is that the evenings my time to unwind and then I don't have the energy or I don't feel like going out to do something that might be more rigorous how is that for you,1601,234,so one of the things I hear people frequently will be saying is that the evenings my time to unwind,IMI,RCW,misc.hlqc.gold,misc.hlqc.gold:1601,SRL,SR,"SRL (Simple Reflection) - Simple Reflection (SR) 

The counsellor's utterance mirrors the client's statement about evenings being a time to unwind, without adding extra insight or interpretation.",**label**: Simple Reflection (SR),9
7,low_031,counsellor,666,90,so one of the things I hear people frequently will be saying is that the evenings my time to unwind and then I don't have the energy or I don't feel like going out to do something that might be more rigorous how is that for you,1602,235,and then I don't have the energy or I don't feel like going out to do something that might be more rigorous,IMI,RCW,misc.hlqc.gold,misc.hlqc.gold:1602,SRL,SR,"SRL (Simple Reflection) - Simple Reflection (SR) 

The counsellor's utterance mirrors the client's statement about not having the energy or feeling like going out in the evening, without adding extra insight or interpretation.",**label**: Simple Reflection (SR),9
7,low_031,counsellor,666,90,so one of the things I hear people frequently will be saying is that the evenings my time to unwind and then I don't have the energy or I don't feel like going out to do something that might be more rigorous how is that for you,1603,236,how is that for you,Q,OQ,misc.hlqc.gold,misc.hlqc.gold:1603,Q,CQ,Q,**label**: Closed Question (CQ),10
7,low_031,client,667,91,I think that would be that would be okay I could always have a cup of coffee beforehand,1604,237,I think that would be that would be okay,C,AB+,misc.hlqc.gold,misc.hlqc.gold:1604,N,N,N,**label**: N,5
7,low_031,client,667,91,I think that would be that would be okay I could always have a cup of coffee beforehand,1605,238,I could always have a cup of coffee beforehand,C,AB+,misc.hlqc.gold,misc.hlqc.gold:1605,N,N,N,N,2
7,low_031,counsellor,668,92,you can always have a cup of coffee,1606,239,you can always have a cup of coffee,SRL,SR,misc.hlqc.gold,misc.hlqc.gold:1606,O,FA,"O

The counsellor's utterance ""you can always have a cup of coffee"" is a simple repetition of the client's statement, serving as a facilitative acknowledgment. It does not add new information, advice, or insight, nor does it ask a question or engage in any other MI technique. Therefore, it falls under the ""Other/Neutral"" category with the behavioral code ""Facilitate (FA).""",FA,2
7,low_031,client,669,93,yes yes,1607,240,yes,N,N,misc.hlqc.gold,misc.hlqc.gold:1607,N,N,N,N,2
7,low_031,client,669,93,yes yes,1608,241,yes,N,N,misc.hlqc.gold,misc.hlqc.gold:1608,N,N,N,N,2
7,low_031,counsellor,670,94,well it would be okay with you I would to touch base maybe after that class starts and just kind of see what you found how it's working and then we can go from there looking at any kind of barriers the one thing I think I would just encourage you with to normalize is to realize about doing things in small doable steps and not feeling like if you haven't done everything for the day that you're,1609,242,well it would be okay with you I would to touch base maybe after that class starts and just kind of see what you found how it's working,O,ST,misc.hlqc.gold,misc.hlqc.gold:1609,IMC,ADP,"IMC

- **Advise With Permission (ADP)**: The counsellor suggests following up after the class starts to check on the client's experience, which is a form of advice given with the client's implicit permission, as the client expressed openness to trying the idea of having coffee beforehand.",**Advise With Permission (ADP)**,10
7,low_031,counsellor,670,94,well it would be okay with you I would to touch base maybe after that class starts and just kind of see what you found how it's working and then we can go from there looking at any kind of barriers the one thing I think I would just encourage you with to normalize is to realize about doing things in small doable steps and not feeling like if you haven't done everything for the day that you're,1610,243,and then we can go from there looking at any kind of barriers,O,ST,misc.hlqc.gold,misc.hlqc.gold:1610,CRL,EC,"CRL

- **Complex Reflection (CR)**: The counsellor's statement acknowledges the client's openness to trying something new (having a cup of coffee) and suggests a future plan to assess and address any barriers, adding depth to the client's initial statement.",EC,2
7,low_031,counsellor,670,94,well it would be okay with you I would to touch base maybe after that class starts and just kind of see what you found how it's working and then we can go from there looking at any kind of barriers the one thing I think I would just encourage you with to normalize is to realize about doing things in small doable steps and not feeling like if you haven't done everything for the day that you're,1611,244,the one thing I think I would just encourage you with to normalize is to realize about doing things in small doable steps,IMI,ADW,misc.hlqc.gold,misc.hlqc.gold:1611,IMC,ADP,"IMC

The counsellor's utterance provides encouragement and advice about normalizing the process of doing things in small, doable steps. The client has previously expressed openness to trying new strategies, such as having a cup of coffee to increase energy, which can be interpreted as implicit permission to receive advice or suggestions. Therefore, the counsellor's advice is given with client permission, classifying it under Imperative-MICO (IMC).",**Advise With Permission (ADP)**,10
7,low_031,counsellor,670,94,well it would be okay with you I would to touch base maybe after that class starts and just kind of see what you found how it's working and then we can go from there looking at any kind of barriers the one thing I think I would just encourage you with to normalize is to realize about doing things in small doable steps and not feeling like if you haven't done everything for the day that you're,1612,245,and not feeling like if you haven't done everything for the day that you're,IMI,ADW,misc.hlqc.gold,misc.hlqc.gold:1612,CRL,RF,CRL (Complex Reflection - CR),**Reframe (RF)**,7
7,low_031,client,671,95,right,1613,246,right,N,N,misc.hlqc.gold,misc.hlqc.gold:1613,N,N,N,**label**: N,5
7,low_031,counsellor,672,96,the day but but that anymore water you drink or vegetables you've added it's certainly a positive and looking at trend,1614,247,the day but but that anymore,IMI,ADW,misc.hlqc.gold,misc.hlqc.gold:1614,UNKNOWN,EC,O-Structure (ST),EC,2
7,low_031,counsellor,672,96,the day but but that anymore water you drink or vegetables you've added it's certainly a positive and looking at trend,1615,248,water you drink or vegetables you've added it's certainly a positive,IMI,ADW,misc.hlqc.gold,misc.hlqc.gold:1615,O,FA,"O

The target utterance ""water you drink or vegetables you've added it's certainly a positive"" is a structural or facilitative statement that acknowledges the client's efforts and reinforces the positive aspects of their actions. It does not fit into the categories of reflective, imperative, or questioning, nor does it provide advice or information without permission. Instead, it serves to affirm and encourage the client's progress, aligning with the ""Other/Neutral"" category.",FA,2
7,low_031,counsellor,672,96,the day but but that anymore water you drink or vegetables you've added it's certainly a positive and looking at trend,1616,249,and looking at trend,IMI,ADW,misc.hlqc.gold,misc.hlqc.gold:1616,O,FA,"O

The target utterance ""and looking at trend"" is a fragment that does not form a complete sentence or convey a clear message on its own. It appears to be part of a larger statement and does not fit into any of the specific MI behavioural codes. It functions as a structural or facilitative utterance, likely intended to continue or conclude a thought, but without sufficient context to classify it as any specific MI technique. Therefore, it is best categorized as ""Other/Neutral (O).""",FA,2
7,low_031,client,673,97,right,1617,250,right,N,N,misc.hlqc.gold,misc.hlqc.gold:1617,N,N,N,**label**: N,5
7,low_031,counsellor,674,98,then to be hard on yourself right towards your you know movement toward wellness,1618,251,then to be hard on yourself right,IMI,ADW,misc.hlqc.gold,misc.hlqc.gold:1618,CRL,EC,CRL: Reframe (RF),EC,2
7,low_031,counsellor,674,98,then to be hard on yourself right towards your you know movement toward wellness,1619,252,towards your you know movement toward wellness,IMI,ADW,misc.hlqc.gold,misc.hlqc.gold:1619,CRL,EC,CRL - Emphasize Control (EC),**Emphasize Control (EC)**,9
7,low_031,client,675,99,right,1620,253,right,N,N,misc.hlqc.gold,misc.hlqc.gold:1620,N,N,N,**label**: N,5
7,low_031,counsellor,676,100,okay so if we could touch base maybe in three weeks,1621,254,okay so if we could touch base maybe in three weeks,O,ST,misc.hlqc.gold,misc.hlqc.gold:1621,O,ST,"O

The target utterance ""okay so if we could touch base maybe in three weeks"" is a structural or facilitative statement used to make a transition or plan for future interaction. It does not engage in any specific MI technique such as reflection, advice, or questioning. Therefore, it falls under the ""Other/Neutral (O)"" category with the behavioral code ""Structure (ST)"".",ST,2
7,low_031,client,677,101,sure,1622,255,sure,N,N,misc.hlqc.gold,misc.hlqc.gold:1622,N,N,N,N,2
7,low_031,counsellor,678,102,that would be super I'd really look forward to it I'm really glad you came in,1623,256,that would be super,O,FI,misc.hlqc.gold,misc.hlqc.gold:1623,O,ST,"O

The target utterance ""that would be super"" functions as a facilitative utterance, providing a simple acknowledgment and agreement to the client's consent to touch base in three weeks. It does not engage in any specific MI technique or provide advice, information, or reflection. Therefore, it falls under the ""Other/Neutral"" category with the behavioral code ""Facilitate (FA).""",ST,2
7,low_031,counsellor,678,102,that would be super I'd really look forward to it I'm really glad you came in,1624,257,I'd really look forward to it,O,FI,misc.hlqc.gold,misc.hlqc.gold:1624,O,FA,"O

The target utterance ""I'd really look forward to it"" functions as a facilitative or structural statement, indicating the counsellor's anticipation for the next meeting. It does not engage in any specific MI technique such as reflection, advice, or questioning, and thus falls under the ""Other/Neutral"" category. The specific behavioral code for this utterance is ""Facilitate (FA).""",FA,2
7,low_031,counsellor,678,102,that would be super I'd really look forward to it I'm really glad you came in,1625,258,I'm really glad you came in,O,FI,misc.hlqc.gold,misc.hlqc.gold:1625,O,FI,O,FI,2
7,low_031,client,679,103,okay thank you,1626,259,okay thank you,N,N,misc.hlqc.gold,misc.hlqc.gold:1626,N,N,N,N,2
