corp_conv_idx,conv_id,speaker,corp_vol_idx,conv_vol_idx,vol_text,corp_utt_idx,conv_utt_idx,utt_text,t1_label_GT,t2_label_GT,dataset,uid,t1_label_auto,t2_label_auto,t1_raw,t2_raw,t2_n_gen_tokens
4,high_127,client,329,0,Angelina Jolie,802,0,Angelina Jolie,N,N,misc.hlqc.gold,misc.hlqc.gold:802,N,N,N,N,2
4,high_127,counsellor,330,1,hi Angelina how are you doing today,803,1,hi Angelina,O,FI,misc.hlqc.gold,misc.hlqc.gold:803,O,FI,O,Filler (FI),6
4,high_127,counsellor,330,1,hi Angelina how are you doing today,804,2,how are you doing today,Q,OQ,misc.hlqc.gold,misc.hlqc.gold:804,O,FI,O,Filler (FI),6
4,high_127,client,331,2,I'm doing good just I'm having a hard time finding time to exercise,805,3,I'm doing good just I'm having a hard time,N,N,misc.hlqc.gold,misc.hlqc.gold:805,N,N,N,N,2
4,high_127,client,331,2,I'm doing good just I'm having a hard time finding time to exercise,806,4,finding time to exercise,N,N,misc.hlqc.gold,misc.hlqc.gold:806,N,N,N,N,2
4,high_127,counsellor,332,3,I see um before we talk about that I want you know that whatever we talk about today is going to be kept confidential,807,5,I see um before we talk about that I want you know that whatever we talk about today is going to be kept confidential,CRL,EC,misc.hlqc.gold,misc.hlqc.gold:807,O,UNKNOWN,O,Structure,2
4,high_127,client,333,4,yeah,808,6,yeah,N,N,misc.hlqc.gold,misc.hlqc.gold:808,N,N,N,N,2
4,high_127,counsellor,334,5,so let's talk more about what brought you in today,809,7,so let's talk more about what brought you in today,O,OQ,misc.hlqc.gold,misc.hlqc.gold:809,O,FA,O,FA,2
4,high_127,client,335,6,i have type diabetes and i know i need to exercise to help man to my diabetes but i just cannot make time for it i wish i can find ways to manage my time,810,8,i have type diabetes and i know i need to exercise to help man to my diabetes,N,N,misc.hlqc.gold,misc.hlqc.gold:810,C,N+,C,Need (N+),5
4,high_127,client,335,6,i have type diabetes and i know i need to exercise to help man to my diabetes but i just cannot make time for it i wish i can find ways to manage my time,811,9,but i just cannot make time for it,N,N,misc.hlqc.gold,misc.hlqc.gold:811,N,N,N,N,2
4,high_127,client,335,6,i have type diabetes and i know i need to exercise to help man to my diabetes but i just cannot make time for it i wish i can find ways to manage my time,812,10,i wish i can find ways to manage my time,N,N,misc.hlqc.gold,misc.hlqc.gold:812,N,N,N,N,2
4,high_127,counsellor,336,7,mm-hmm so you wish to make time to exercise so you can manage your diabetes,813,11,mm-hmm,O,FI,misc.hlqc.gold,misc.hlqc.gold:813,O,FA,O,Facilitate (FA),7
4,high_127,counsellor,336,7,mm-hmm so you wish to make time to exercise so you can manage your diabetes,814,12,so you wish to make time to exercise,SRL,SR,misc.hlqc.gold,misc.hlqc.gold:814,SRL,SR,SRL,Simple Reflection (SR),6
4,high_127,counsellor,336,7,mm-hmm so you wish to make time to exercise so you can manage your diabetes,815,13,so you can manage your diabetes,SRL,SR,misc.hlqc.gold,misc.hlqc.gold:815,O,FA,O,Facilitate (FA),7
4,high_127,client,337,8,yeah,816,14,yeah,N,N,misc.hlqc.gold,misc.hlqc.gold:816,N,N,N,N,2
4,high_127,counsellor,338,9,um what are the benefits of not exercising to you,817,15,um what are the benefits of not exercising to you,Q,OQ,misc.hlqc.gold,misc.hlqc.gold:817,Q,CQ,Q,CQ,3
4,high_127,client,339,10,won't look and I just I don't see any benefits of not exercising,818,16,won't look,N,N,misc.hlqc.gold,misc.hlqc.gold:818,N,N,N,N,2
4,high_127,client,339,10,won't look and I just I don't see any benefits of not exercising,819,17,and I just I don't see any benefits of not exercising,N,N,misc.hlqc.gold,misc.hlqc.gold:819,N,N,N,N,2
4,high_127,counsellor,340,11,and what are the costs of not exercising,820,18,and what are the costs of not exercising,Q,OQ,misc.hlqc.gold,misc.hlqc.gold:820,Q,OQ,Q,Open Question (OQ),7
4,high_127,client,341,12,it will make my diabetes worse to a point where I have to start taking medication I'm saying,821,19,it will make my diabetes worse,C,R+,misc.hlqc.gold,misc.hlqc.gold:821,C,N+,C,N+,3
4,high_127,client,341,12,it will make my diabetes worse to a point where I have to start taking medication I'm saying,822,20,to a point where I have to start taking medication,C,R+,misc.hlqc.gold,misc.hlqc.gold:822,C,N+,C,N+,3
4,high_127,client,341,12,it will make my diabetes worse to a point where I have to start taking medication I'm saying,823,21,I'm saying,N,N,misc.hlqc.gold,misc.hlqc.gold:823,N,N,N,N,2
4,high_127,counsellor,342,13,okay so what are the costs maybe of finding time to exercise,824,22,okay so what are the costs maybe of finding time to exercise,Q,OQ,misc.hlqc.gold,misc.hlqc.gold:824,Q,OQ,Q,Open Question (OQ),7
4,high_127,client,343,14,mm i would have to make time out of my busy schedule and cut down on things that I like doing my family's like watching soccer,825,23,mm i would have to make time out of my busy schedule,S,O-,misc.hlqc.gold,misc.hlqc.gold:825,N,N,N,N,2
4,high_127,client,343,14,mm i would have to make time out of my busy schedule and cut down on things that I like doing my family's like watching soccer,826,24,and cut down on things that I like doing,S,O-,misc.hlqc.gold,misc.hlqc.gold:826,N,N,N,N,2
4,high_127,client,343,14,mm i would have to make time out of my busy schedule and cut down on things that I like doing my family's like watching soccer,827,25,my family's like watching soccer,N,N,misc.hlqc.gold,misc.hlqc.gold:827,N,N,N,N,2
4,high_127,counsellor,344,15,I'm see okay and what are the benefits of finding time to exercise,828,26,I'm see okay,O,FI,misc.hlqc.gold,misc.hlqc.gold:828,O,UNKNOWN,O,Facilitate,4
4,high_127,counsellor,344,15,I'm see okay and what are the benefits of finding time to exercise,829,27,and what are the benefits of finding time to exercise,Q,OQ,misc.hlqc.gold,misc.hlqc.gold:829,Q,OQ,Q,OQ,3
4,high_127,client,345,16,if I exercise little hot marriage and will keep me from taking medication and see,830,28,if I exercise little hot marriage,C,R+,misc.hlqc.gold,misc.hlqc.gold:830,C,O+,C,Other (O+),5
4,high_127,client,345,16,if I exercise little hot marriage and will keep me from taking medication and see,831,29,and will keep me from taking medication,C,R+,misc.hlqc.gold,misc.hlqc.gold:831,C,N+,C,N+,3
4,high_127,client,345,16,if I exercise little hot marriage and will keep me from taking medication and see,832,30,and see,N,N,misc.hlqc.gold,misc.hlqc.gold:832,N,N,N,N,2
4,high_127,counsellor,346,17,so let me see if I understand this correctly so you recognize that exercising is important to control your diabetes and to prevent yourself from taking medications to prevent diabetes um so you also mentioned that to exercise you have to cut down on your family time which is also valuable to you,833,31,so let me see if I understand this correctly,O,FI,misc.hlqc.gold,misc.hlqc.gold:833,O,FA,O,FA,2
4,high_127,counsellor,346,17,so let me see if I understand this correctly so you recognize that exercising is important to control your diabetes and to prevent yourself from taking medications to prevent diabetes um so you also mentioned that to exercise you have to cut down on your family time which is also valuable to you,834,32,so you recognize that exercising is important to control your diabetes and to prevent yourself from taking medications to prevent diabetes,SRL,SR,misc.hlqc.gold,misc.hlqc.gold:834,CRL,AF,CRL,AF,2
4,high_127,counsellor,346,17,so let me see if I understand this correctly so you recognize that exercising is important to control your diabetes and to prevent yourself from taking medications to prevent diabetes um so you also mentioned that to exercise you have to cut down on your family time which is also valuable to you,835,33,um so you also mentioned that to exercise you have to cut down on your family time which is also valuable to you,SRL,SR,misc.hlqc.gold,misc.hlqc.gold:835,SRL,UNKNOWN,SRL,Simple Reflection,3
4,high_127,client,347,18,exactly,836,34,exactly,N,N,misc.hlqc.gold,misc.hlqc.gold:836,N,N,N,N,2
4,high_127,counsellor,348,19,okay son how long will just say from now would you think that you know you take make this change,837,35,okay son how long will just say from now would you think that you know you take make this change,Q,CQ,misc.hlqc.gold,misc.hlqc.gold:837,Q,CQ,Q,CQ,3
4,high_127,client,349,20,let's say probably within a monk,838,36,let's say probably within a monk,C,AB+,misc.hlqc.gold,misc.hlqc.gold:838,C,O+,C,Other (O+),5
4,high_127,counsellor,350,21,okay so and how on a scale of zero to ten like how important is it for you to make this change and zero being not not not important at all and being the most important,839,37,okay so and how on a scale of zero to ten like how important is it for you to make this change,Q,CQ,misc.hlqc.gold,misc.hlqc.gold:839,Q,OQ,Q,OQ,3
4,high_127,counsellor,350,21,okay so and how on a scale of zero to ten like how important is it for you to make this change and zero being not not not important at all and being the most important,840,38,and zero being not not not important at all and being the most important,Q,CQ,misc.hlqc.gold,misc.hlqc.gold:840,O,FA,O,FA,2
4,high_127,client,351,22,I would see having nine out of ten,841,39,I would see having nine out of ten,N,N,misc.hlqc.gold,misc.hlqc.gold:841,C,D+,C,Desire (D+),6
4,high_127,counsellor,352,23,okay and why is it nine another two or lower number,842,40,okay,O,FI,misc.hlqc.gold,misc.hlqc.gold:842,O,UNKNOWN,O,Facilitate,4
4,high_127,counsellor,352,23,okay and why is it nine another two or lower number,843,41,and why is it nine,Q,OQ,misc.hlqc.gold,misc.hlqc.gold:843,Q,OQ,Q,Open Question (OQ),7
4,high_127,counsellor,352,23,okay and why is it nine another two or lower number,844,42,another two or lower number,Q,OQ,misc.hlqc.gold,misc.hlqc.gold:844,O,FA,O,Facilitate (FA),7
4,high_127,client,353,24,because like I said it is really important for me to manage time to exercise so that my diabetes can be managed and controlled,845,43,because like I said it is really important for me to manage time to exercise,C,R+,misc.hlqc.gold,misc.hlqc.gold:845,C,R+,C,Reasons (R+),6
4,high_127,client,353,24,because like I said it is really important for me to manage time to exercise so that my diabetes can be managed and controlled,846,44,so that my diabetes can be managed and controlled,C,R+,misc.hlqc.gold,misc.hlqc.gold:846,C,R+,C, Reasons (R+),5
4,high_127,counsellor,354,25,and on the same scale of zero to ten how confident are you in being able to make the change,847,45,and on the same scale of zero to ten,Q,CQ,misc.hlqc.gold,misc.hlqc.gold:847,O,FA,O,FA,2
4,high_127,counsellor,354,25,and on the same scale of zero to ten how confident are you in being able to make the change,848,46,how confident are you in being able to make the change,Q,CQ,misc.hlqc.gold,misc.hlqc.gold:848,Q,CQ,Q,CQ,3
4,high_127,client,355,26,I soon I'm probably at eight at a time,849,47,I soon I'm probably at eight at a time,N,N,misc.hlqc.gold,misc.hlqc.gold:849,C,AB+,C,AB+,3
4,high_127,counsellor,356,27,okay and so would I be correct in saying that it's very important to you so it's nine out of ten to make time to exercise to stay healthy and mainly to avoid having to take medication to manage your diabetes and your confidence level is at eight out of ten and being able to make this change,850,48,okay and so would I be correct in saying that it's very important to you,SRL,SR,misc.hlqc.gold,misc.hlqc.gold:850,O,FA,O,Facilitate (FA),7
4,high_127,counsellor,356,27,okay and so would I be correct in saying that it's very important to you so it's nine out of ten to make time to exercise to stay healthy and mainly to avoid having to take medication to manage your diabetes and your confidence level is at eight out of ten and being able to make this change,851,49,so it's nine out of ten to make time to exercise to stay healthy,SRL,SR,misc.hlqc.gold,misc.hlqc.gold:851,CRL,CR,CRL,Complex Reflection (CR),6
4,high_127,counsellor,356,27,okay and so would I be correct in saying that it's very important to you so it's nine out of ten to make time to exercise to stay healthy and mainly to avoid having to take medication to manage your diabetes and your confidence level is at eight out of ten and being able to make this change,852,50,and mainly to avoid having to take medication to manage your diabetes,SRL,SR,misc.hlqc.gold,misc.hlqc.gold:852,O,FA,O,FA,2
4,high_127,counsellor,356,27,okay and so would I be correct in saying that it's very important to you so it's nine out of ten to make time to exercise to stay healthy and mainly to avoid having to take medication to manage your diabetes and your confidence level is at eight out of ten and being able to make this change,853,51,and your confidence level is at eight out of ten and being able to make this change,SRL,SR,misc.hlqc.gold,misc.hlqc.gold:853,SRL,UNKNOWN,SRL,Simple Reflection,3
4,high_127,client,357,28,yeah,854,52,yeah,N,N,misc.hlqc.gold,misc.hlqc.gold:854,C,N+,C,N+,3
4,high_127,counsellor,358,29,okay so looking back is there a reason that you haven't been able to make time talk to sighs,855,53,okay so looking back is there a reason that you haven't been able to make time,Q,CQ,misc.hlqc.gold,misc.hlqc.gold:855,Q,CQ,Q,CQ,3
4,high_127,counsellor,358,29,okay so looking back is there a reason that you haven't been able to make time talk to sighs,856,54,talk to sighs,O,FI,misc.hlqc.gold,misc.hlqc.gold:856,O,FA,O,FA,2
4,high_127,client,359,30,hmm I just have a very busy schedule with work with kids and also my wife works awesome so it's really difficult to find coming to exercise not only understand,857,55,hmm I just have a very busy schedule with work with kids and also my wife works awesome so it's really difficult to find coming to exercise not only understand,S,R-,misc.hlqc.gold,misc.hlqc.gold:857,N,N,N,N,2
4,high_127,counsellor,360,31,okay so how would you like for things to change,858,56,okay so how would you like for things to change,Q,OQ,misc.hlqc.gold,misc.hlqc.gold:858,Q,OQ,Q,Open Question (OQ),7
4,high_127,client,361,32,I would like to have more time to exercise at the same time spending time with the plan is important to me,859,57,I would like to have more time to exercise,C,D+,misc.hlqc.gold,misc.hlqc.gold:859,N,N,N,N,2
4,high_127,client,361,32,I would like to have more time to exercise at the same time spending time with the plan is important to me,860,58,at the same time spending time with the plan is important to me,N,N,misc.hlqc.gold,misc.hlqc.gold:860,N,N,N,N,2
4,high_127,counsellor,362,33,I see so what kind of things did you do to control your diabetes in the past,861,59,I see,O,FI,misc.hlqc.gold,misc.hlqc.gold:861,O,UNKNOWN,O,Facilitate,4
4,high_127,counsellor,362,33,I see so what kind of things did you do to control your diabetes in the past,862,60,so what kind of things did you do to control your diabetes in the past,Q,OQ,misc.hlqc.gold,misc.hlqc.gold:862,Q,OQ,Q,OQ,3
4,high_127,client,363,34,being physically active whenever possible I see,863,61,being physically active whenever possible I see,N,N,misc.hlqc.gold,misc.hlqc.gold:863,N,N,N,N,2
4,high_127,counsellor,364,35,that's good can you probably give me an example like the activities you did and when was the last time,864,62,that's good,O,FI,misc.hlqc.gold,misc.hlqc.gold:864,O,FA,O,FA,2
4,high_127,counsellor,364,35,that's good can you probably give me an example like the activities you did and when was the last time,865,63,can you probably give me an example like the activities you did,Q,CQ,misc.hlqc.gold,misc.hlqc.gold:865,Q,CQ,Q,Closed Question (CQ),7
4,high_127,counsellor,364,35,that's good can you probably give me an example like the activities you did and when was the last time,866,64,and when was the last time,Q,CQ,misc.hlqc.gold,misc.hlqc.gold:866,O,FA,O,FA,2
4,high_127,client,365,36,I used to take my I used to go to the park with my kids um go play soccer with them but then these days they're on I palatal its best everyone that was about a couple of months ago I see,867,65,I used to take my I used to go to the park with my kids um go play soccer with them but then these days they're on I palatal its best everyone that was about a couple of months ago I see,N,N,misc.hlqc.gold,misc.hlqc.gold:867,N,N,N,N,2
4,high_127,counsellor,366,37,and how likely are you able to find time to exercise now,868,66,and how likely are you able to find time to exercise now,Q,CQ,misc.hlqc.gold,misc.hlqc.gold:868,O,FA,O,FA,2
4,high_127,client,367,38,I'm sure that I'll be able to make time because if I try my best because my health is important to me,869,67,I'm sure that I'll be able to make time because if I try my best because my health is important to me,C,AB+,misc.hlqc.gold,misc.hlqc.gold:869,C,AB+,C,AB+,3
4,high_127,counsellor,368,39,mm-hmm and what makes you feel that now it was a good time to try something different,870,68,mm-hmm,O,FI,misc.hlqc.gold,misc.hlqc.gold:870,O,FA,O,Facilitate (FA),7
4,high_127,counsellor,368,39,mm-hmm and what makes you feel that now it was a good time to try something different,871,69,and what makes you feel that now it was a good time to try something different,Q,OQ,misc.hlqc.gold,misc.hlqc.gold:871,Q,OQ,Q,OQ,3
4,high_127,client,369,40,I think it's important to make change before it's gets gets to a point I have to that we use with medication,872,70,I think it's important to make change before it's gets gets to a point I have to,C,R+,misc.hlqc.gold,misc.hlqc.gold:872,C,N+,C,Need (N+),5
4,high_127,client,369,40,I think it's important to make change before it's gets gets to a point I have to that we use with medication,873,71,that we use with medication,C,R+,misc.hlqc.gold,misc.hlqc.gold:873,C,N+,C,N+,3
4,high_127,counsellor,370,41,mm-hmm so we should like to discuss some of the things you can do to make time to exercise,874,72,mm-hmm,O,FI,misc.hlqc.gold,misc.hlqc.gold:874,O,UNKNOWN,O,Facilitate,4
4,high_127,counsellor,370,41,mm-hmm so we should like to discuss some of the things you can do to make time to exercise,875,73,so we should like to discuss some of the things you can do to make time to exercise,Q,CQ,misc.hlqc.gold,misc.hlqc.gold:875,IMC,ADP,IMC,ADP,3
4,high_127,client,371,42,I could take the stairs inside an elevator and watching the brushy brushy store,876,74,I could take the stairs inside an elevator,C,AB+,misc.hlqc.gold,misc.hlqc.gold:876,C,AC+,C,AC+,3
4,high_127,client,371,42,I could take the stairs inside an elevator and watching the brushy brushy store,877,75,and watching the brushy brushy store,C,AB+,misc.hlqc.gold,misc.hlqc.gold:877,N,N,N,N,2
4,high_127,counsellor,372,43,well those are some great alternatives instead of going to gym you save a lot of time so did you we want to know did you want to know more things or ways to find time to exercise,878,76,well those are some great alternatives instead of going to gym you save a lot of time,CRL,CR,misc.hlqc.gold,misc.hlqc.gold:878,IMI,ADW,IMI,ADW,3
4,high_127,counsellor,372,43,well those are some great alternatives instead of going to gym you save a lot of time so did you we want to know did you want to know more things or ways to find time to exercise,879,77,so did you we want to know,Q,CQ,misc.hlqc.gold,misc.hlqc.gold:879,O,FA,O,FA,2
4,high_127,counsellor,372,43,well those are some great alternatives instead of going to gym you save a lot of time so did you we want to know did you want to know more things or ways to find time to exercise,880,78,did you want to know more things or ways to find time to exercise,Q,CQ,misc.hlqc.gold,misc.hlqc.gold:880,Q,CQ,Q,Closed Question (CQ),7
4,high_127,client,373,44,yes I feel like that'd be really helpful,881,79,yes,N,N,misc.hlqc.gold,misc.hlqc.gold:881,N,N,N,N,2
4,high_127,client,373,44,yes I feel like that'd be really helpful,882,80,I feel like that'd be really helpful,N,N,misc.hlqc.gold,misc.hlqc.gold:882,N,N,N,N,2
4,high_127,counsellor,374,45,okay so since you mentioned that spending time with your family was something that you really value ah you could probably and watching software he said you could you know put a treadmill like a exercise machine near your TV Here I am so you can exercise and watch your movie or software with your family and what you can also probably plan outdoor events or outings with your family something that your kids would enjoy so that they can be off their iPads and technology,883,81,okay so since you mentioned that spending time with your family was something that you really value,IMC,ADP,misc.hlqc.gold,misc.hlqc.gold:883,CRL,SU,CRL,Support (SU),5
4,high_127,counsellor,374,45,okay so since you mentioned that spending time with your family was something that you really value ah you could probably and watching software he said you could you know put a treadmill like a exercise machine near your TV Here I am so you can exercise and watch your movie or software with your family and what you can also probably plan outdoor events or outings with your family something that your kids would enjoy so that they can be off their iPads and technology,884,82,ah you could probably and watching software he said you could you know put a treadmill like a exercise machine near your TV,IMC,ADP,misc.hlqc.gold,misc.hlqc.gold:884,IMI,ADW,IMI,ADW,3
4,high_127,counsellor,374,45,okay so since you mentioned that spending time with your family was something that you really value ah you could probably and watching software he said you could you know put a treadmill like a exercise machine near your TV Here I am so you can exercise and watch your movie or software with your family and what you can also probably plan outdoor events or outings with your family something that your kids would enjoy so that they can be off their iPads and technology,885,83,Here I am so you can exercise and watch your movie or software with your family,IMC,ADP,misc.hlqc.gold,misc.hlqc.gold:885,IMI,ADW,IMI,ADW,3
4,high_127,counsellor,374,45,okay so since you mentioned that spending time with your family was something that you really value ah you could probably and watching software he said you could you know put a treadmill like a exercise machine near your TV Here I am so you can exercise and watch your movie or software with your family and what you can also probably plan outdoor events or outings with your family something that your kids would enjoy so that they can be off their iPads and technology,886,84,and what you can also probably plan outdoor events or outings with your family,IMC,ADP,misc.hlqc.gold,misc.hlqc.gold:886,IMI,ADW,IMI,ADW,3
4,high_127,counsellor,374,45,okay so since you mentioned that spending time with your family was something that you really value ah you could probably and watching software he said you could you know put a treadmill like a exercise machine near your TV Here I am so you can exercise and watch your movie or software with your family and what you can also probably plan outdoor events or outings with your family something that your kids would enjoy so that they can be off their iPads and technology,887,85,something that your kids would enjoy so that they can be off their iPads and technology,IMC,ADP,misc.hlqc.gold,misc.hlqc.gold:887,IMI,ADW,IMI,ADW,3
4,high_127,client,375,46,yeah,888,86,yeah,N,N,misc.hlqc.gold,misc.hlqc.gold:888,N,N,N,N,2
4,high_127,counsellor,376,47,those are something you can do maybe go jogging with your family,889,87,those are something you can do,IMC,ADP,misc.hlqc.gold,misc.hlqc.gold:889,O,FA,O,FA,2
4,high_127,counsellor,376,47,those are something you can do maybe go jogging with your family,890,88,maybe go jogging with your family,IMC,ADP,misc.hlqc.gold,misc.hlqc.gold:890,IMC,ADP,IMC,ADP,3
4,high_127,client,377,48,yeah yeah I think those are some really doable strategy sagging contribute to my daily schedule,891,89,yeah yeah,N,N,misc.hlqc.gold,misc.hlqc.gold:891,N,N,N,N,2
4,high_127,client,377,48,yeah yeah I think those are some really doable strategy sagging contribute to my daily schedule,892,90,I think those are some really doable strategy,C,AB+,misc.hlqc.gold,misc.hlqc.gold:892,N,UNKNOWN,N,label: C,4
4,high_127,client,377,48,yeah yeah I think those are some really doable strategy sagging contribute to my daily schedule,893,91,sagging contribute to my daily schedule,C,AB+,misc.hlqc.gold,misc.hlqc.gold:893,N,N,N,N,2
4,high_127,counsellor,378,49,mm-hmm so now that we have had this conversation um how do you feel about you know making time now to exercise,894,92,mm-hmm,O,FI,misc.hlqc.gold,misc.hlqc.gold:894,O,FA,O,Facilitate (FA),7
4,high_127,counsellor,378,49,mm-hmm so now that we have had this conversation um how do you feel about you know making time now to exercise,895,93,so now that we have had this conversation,O,FI,misc.hlqc.gold,misc.hlqc.gold:895,O,FA,O,FA,2
4,high_127,counsellor,378,49,mm-hmm so now that we have had this conversation um how do you feel about you know making time now to exercise,896,94,um how do you feel about you know making time now to exercise,Q,OQ,misc.hlqc.gold,misc.hlqc.gold:896,Q,CQ,Q,CQ,3
4,high_127,client,379,50,mmm now that I have different ideas on how to exercise I feel more comfortable or capable of finding time to exercise,897,95,mmm now that I have different ideas on how to exercise,N,N,misc.hlqc.gold,misc.hlqc.gold:897,N,N,N,N,2
4,high_127,client,379,50,mmm now that I have different ideas on how to exercise I feel more comfortable or capable of finding time to exercise,898,96,I feel more comfortable or capable of finding time to exercise,C,AB+,misc.hlqc.gold,misc.hlqc.gold:898,C,AB+,C,Ability (AB+),5
4,high_127,counsellor,380,51,and would you like you know other maybe more sessions to follow up,899,97,and would you like you know other maybe more sessions to follow up,Q,CQ,misc.hlqc.gold,misc.hlqc.gold:899,Q,OQ,Q,OQ,3
4,high_127,client,381,52,yeah that would be really helpful,900,98,yeah that would be really helpful,N,N,misc.hlqc.gold,misc.hlqc.gold:900,N,N,N,N,2
4,high_127,counsellor,382,53,sure and when would you like that for probably,901,99,sure,O,FI,misc.hlqc.gold,misc.hlqc.gold:901,O,FA,O,FA,2
4,high_127,counsellor,382,53,sure and when would you like that for probably,902,100,and when would you like that for probably,Q,CQ,misc.hlqc.gold,misc.hlqc.gold:902,O,FA,O,FA,2
4,high_127,client,383,54,um next month,903,101,um,N,N,misc.hlqc.gold,misc.hlqc.gold:903,N,N,N,N,2
4,high_127,client,383,54,um next month,904,102,next month,N,N,misc.hlqc.gold,misc.hlqc.gold:904,N,N,N,N,2
4,high_127,counsellor,384,55,okay sure see you next what then and I really appreciate you showing up today and making an effort to come here to discuss your condition and you know what making time to exercise for your diabetes,905,103,okay sure see you next what then,O,FI,misc.hlqc.gold,misc.hlqc.gold:905,O,FA,O,FA,2
4,high_127,counsellor,384,55,okay sure see you next what then and I really appreciate you showing up today and making an effort to come here to discuss your condition and you know what making time to exercise for your diabetes,906,104,and I really appreciate you showing up today,CRL,AF,misc.hlqc.gold,misc.hlqc.gold:906,O,FI,O,Filler (FI),6
4,high_127,counsellor,384,55,okay sure see you next what then and I really appreciate you showing up today and making an effort to come here to discuss your condition and you know what making time to exercise for your diabetes,907,105,and making an effort to come here to discuss your condition,CRL,AF,misc.hlqc.gold,misc.hlqc.gold:907,O,FI,O,Filler (FI),6
4,high_127,counsellor,384,55,okay sure see you next what then and I really appreciate you showing up today and making an effort to come here to discuss your condition and you know what making time to exercise for your diabetes,908,106,and you know what making time to exercise for your diabetes,CRL,AF,misc.hlqc.gold,misc.hlqc.gold:908,CRL,AF,CRL,Affirm (AF),6
4,high_127,client,385,56,thank you,909,107,thank you,N,N,misc.hlqc.gold,misc.hlqc.gold:909,N,N,N,N,2
4,high_127,counsellor,386,57,thank you for your time,910,108,thank you for your time,O,FI,misc.hlqc.gold,misc.hlqc.gold:910,O,FI,O,FI,2
7,low_031,counsellor,576,0,I you know you don't have to sign up if you don't want to but you know I'm kind of here to like fix things for you and just make sure everything goes no real smoothly with the different issues that you've been having and just kind of oh you know kind of manage things and just take care of stuff so you know it's again if you want the service you can have it but it's kind of up to you but I am here if you want me to be and you know I'll couldn't kind of teach you about things you might not know about or tell you some things about your house and you know just Marlys make sure everything goes okay so you know you think that might be something you'd be interested in wanting to be a part of because I'd you know really like to help you,1367,0,I you know you don't have to sign up if you don't want to,CRL,EC,misc.hlqc.gold,misc.hlqc.gold:1367,O,FI,O,FI,2
7,low_031,counsellor,576,0,I you know you don't have to sign up if you don't want to but you know I'm kind of here to like fix things for you and just make sure everything goes no real smoothly with the different issues that you've been having and just kind of oh you know kind of manage things and just take care of stuff so you know it's again if you want the service you can have it but it's kind of up to you but I am here if you want me to be and you know I'll couldn't kind of teach you about things you might not know about or tell you some things about your house and you know just Marlys make sure everything goes okay so you know you think that might be something you'd be interested in wanting to be a part of because I'd you know really like to help you,1368,1,but you know I'm kind of here to like fix things for you,O,ST,misc.hlqc.gold,misc.hlqc.gold:1368,IMI,ADW,IMI,ADW,3
7,low_031,counsellor,576,0,I you know you don't have to sign up if you don't want to but you know I'm kind of here to like fix things for you and just make sure everything goes no real smoothly with the different issues that you've been having and just kind of oh you know kind of manage things and just take care of stuff so you know it's again if you want the service you can have it but it's kind of up to you but I am here if you want me to be and you know I'll couldn't kind of teach you about things you might not know about or tell you some things about your house and you know just Marlys make sure everything goes okay so you know you think that might be something you'd be interested in wanting to be a part of because I'd you know really like to help you,1369,2,and just make sure everything goes no real smoothly with the different issues that you've been having,O,ST,misc.hlqc.gold,misc.hlqc.gold:1369,O,FA,O,FA,2
7,low_031,counsellor,576,0,I you know you don't have to sign up if you don't want to but you know I'm kind of here to like fix things for you and just make sure everything goes no real smoothly with the different issues that you've been having and just kind of oh you know kind of manage things and just take care of stuff so you know it's again if you want the service you can have it but it's kind of up to you but I am here if you want me to be and you know I'll couldn't kind of teach you about things you might not know about or tell you some things about your house and you know just Marlys make sure everything goes okay so you know you think that might be something you'd be interested in wanting to be a part of because I'd you know really like to help you,1370,3,and just kind of oh you know kind of manage things and just take care of stuff,O,ST,misc.hlqc.gold,misc.hlqc.gold:1370,O,FA,O,FA,2
7,low_031,counsellor,576,0,I you know you don't have to sign up if you don't want to but you know I'm kind of here to like fix things for you and just make sure everything goes no real smoothly with the different issues that you've been having and just kind of oh you know kind of manage things and just take care of stuff so you know it's again if you want the service you can have it but it's kind of up to you but I am here if you want me to be and you know I'll couldn't kind of teach you about things you might not know about or tell you some things about your house and you know just Marlys make sure everything goes okay so you know you think that might be something you'd be interested in wanting to be a part of because I'd you know really like to help you,1371,4,so you know it's again if you want the service you can have it,CRL,EC,misc.hlqc.gold,misc.hlqc.gold:1371,O,FA,O,FA,2
7,low_031,counsellor,576,0,I you know you don't have to sign up if you don't want to but you know I'm kind of here to like fix things for you and just make sure everything goes no real smoothly with the different issues that you've been having and just kind of oh you know kind of manage things and just take care of stuff so you know it's again if you want the service you can have it but it's kind of up to you but I am here if you want me to be and you know I'll couldn't kind of teach you about things you might not know about or tell you some things about your house and you know just Marlys make sure everything goes okay so you know you think that might be something you'd be interested in wanting to be a part of because I'd you know really like to help you,1372,5,but it's kind of up to you,CRL,EC,misc.hlqc.gold,misc.hlqc.gold:1372,O,FA,O,Facilitate (FA),7
7,low_031,counsellor,576,0,I you know you don't have to sign up if you don't want to but you know I'm kind of here to like fix things for you and just make sure everything goes no real smoothly with the different issues that you've been having and just kind of oh you know kind of manage things and just take care of stuff so you know it's again if you want the service you can have it but it's kind of up to you but I am here if you want me to be and you know I'll couldn't kind of teach you about things you might not know about or tell you some things about your house and you know just Marlys make sure everything goes okay so you know you think that might be something you'd be interested in wanting to be a part of because I'd you know really like to help you,1373,6,but I am here if you want me to be,CRL,EC,misc.hlqc.gold,misc.hlqc.gold:1373,O,FA,O,FA,2
7,low_031,counsellor,576,0,I you know you don't have to sign up if you don't want to but you know I'm kind of here to like fix things for you and just make sure everything goes no real smoothly with the different issues that you've been having and just kind of oh you know kind of manage things and just take care of stuff so you know it's again if you want the service you can have it but it's kind of up to you but I am here if you want me to be and you know I'll couldn't kind of teach you about things you might not know about or tell you some things about your house and you know just Marlys make sure everything goes okay so you know you think that might be something you'd be interested in wanting to be a part of because I'd you know really like to help you,1374,7,and you know I'll couldn't kind of teach you about things you might not know about,O,ST,misc.hlqc.gold,misc.hlqc.gold:1374,IMI,UNKNOWN,IMI,Direct,2
7,low_031,counsellor,576,0,I you know you don't have to sign up if you don't want to but you know I'm kind of here to like fix things for you and just make sure everything goes no real smoothly with the different issues that you've been having and just kind of oh you know kind of manage things and just take care of stuff so you know it's again if you want the service you can have it but it's kind of up to you but I am here if you want me to be and you know I'll couldn't kind of teach you about things you might not know about or tell you some things about your house and you know just Marlys make sure everything goes okay so you know you think that might be something you'd be interested in wanting to be a part of because I'd you know really like to help you,1375,8,or tell you some things about your house,O,ST,misc.hlqc.gold,misc.hlqc.gold:1375,IMI,ADW,IMI,ADW,3
7,low_031,counsellor,576,0,I you know you don't have to sign up if you don't want to but you know I'm kind of here to like fix things for you and just make sure everything goes no real smoothly with the different issues that you've been having and just kind of oh you know kind of manage things and just take care of stuff so you know it's again if you want the service you can have it but it's kind of up to you but I am here if you want me to be and you know I'll couldn't kind of teach you about things you might not know about or tell you some things about your house and you know just Marlys make sure everything goes okay so you know you think that might be something you'd be interested in wanting to be a part of because I'd you know really like to help you,1376,9,and you know just Marlys make sure everything goes okay,O,ST,misc.hlqc.gold,misc.hlqc.gold:1376,O,FA,O,FA,2
7,low_031,counsellor,576,0,I you know you don't have to sign up if you don't want to but you know I'm kind of here to like fix things for you and just make sure everything goes no real smoothly with the different issues that you've been having and just kind of oh you know kind of manage things and just take care of stuff so you know it's again if you want the service you can have it but it's kind of up to you but I am here if you want me to be and you know I'll couldn't kind of teach you about things you might not know about or tell you some things about your house and you know just Marlys make sure everything goes okay so you know you think that might be something you'd be interested in wanting to be a part of because I'd you know really like to help you,1377,10,so you know you think that might be something you'd be interested in wanting to be a part of,O,ST,misc.hlqc.gold,misc.hlqc.gold:1377,O,FA,O,FA,2
7,low_031,counsellor,576,0,I you know you don't have to sign up if you don't want to but you know I'm kind of here to like fix things for you and just make sure everything goes no real smoothly with the different issues that you've been having and just kind of oh you know kind of manage things and just take care of stuff so you know it's again if you want the service you can have it but it's kind of up to you but I am here if you want me to be and you know I'll couldn't kind of teach you about things you might not know about or tell you some things about your house and you know just Marlys make sure everything goes okay so you know you think that might be something you'd be interested in wanting to be a part of because I'd you know really like to help you,1378,11,because I'd you know really like to help you,O,ST,misc.hlqc.gold,misc.hlqc.gold:1378,O,FA,O,FA,2
7,low_031,client,577,1,okay well sure when you put it that way sure,1379,12,okay well sure,N,N,misc.hlqc.gold,misc.hlqc.gold:1379,N,N,N,N,2
7,low_031,client,577,1,okay well sure when you put it that way sure,1380,13,when you put it that way,N,N,misc.hlqc.gold,misc.hlqc.gold:1380,N,N,N,label: N,4
7,low_031,client,577,1,okay well sure when you put it that way sure,1381,14,sure,N,N,misc.hlqc.gold,misc.hlqc.gold:1381,N,N,N,N,2
7,low_031,counsellor,578,2,because it seems like I you know you've expressed some health issues lately and I know you've had a lot of problems with your weight so that's certainly something we can talk about and I know a lot about you know weight loss and have helped a lot of people with you know managing their weight and figuring out what they need to do so you know what are your main problems about your weight I mean why is it a problem for you,1382,15,because it seems like I you know you've expressed some health issues lately,SRL,SR,misc.hlqc.gold,misc.hlqc.gold:1382,O,FA,O,FA,2
7,low_031,counsellor,578,2,because it seems like I you know you've expressed some health issues lately and I know you've had a lot of problems with your weight so that's certainly something we can talk about and I know a lot about you know weight loss and have helped a lot of people with you know managing their weight and figuring out what they need to do so you know what are your main problems about your weight I mean why is it a problem for you,1383,16,and I know you've had a lot of problems with your weight,SRL,SR,misc.hlqc.gold,misc.hlqc.gold:1383,O,FA,O,FA,2
7,low_031,counsellor,578,2,because it seems like I you know you've expressed some health issues lately and I know you've had a lot of problems with your weight so that's certainly something we can talk about and I know a lot about you know weight loss and have helped a lot of people with you know managing their weight and figuring out what they need to do so you know what are your main problems about your weight I mean why is it a problem for you,1384,17,so that's certainly something we can talk about,O,ST,misc.hlqc.gold,misc.hlqc.gold:1384,IMI,RCW,IMI,Raise Concern Without Permission (RCW),9
7,low_031,counsellor,578,2,because it seems like I you know you've expressed some health issues lately and I know you've had a lot of problems with your weight so that's certainly something we can talk about and I know a lot about you know weight loss and have helped a lot of people with you know managing their weight and figuring out what they need to do so you know what are your main problems about your weight I mean why is it a problem for you,1385,18,and I know a lot about you know weight loss,O,ST,misc.hlqc.gold,misc.hlqc.gold:1385,IMI,ADW,IMI,ADW,3
7,low_031,counsellor,578,2,because it seems like I you know you've expressed some health issues lately and I know you've had a lot of problems with your weight so that's certainly something we can talk about and I know a lot about you know weight loss and have helped a lot of people with you know managing their weight and figuring out what they need to do so you know what are your main problems about your weight I mean why is it a problem for you,1386,19,and have helped a lot of people with you know managing their weight and figuring out what they need to do,O,ST,misc.hlqc.gold,misc.hlqc.gold:1386,IMI,ADW,IMI,ADW,3
7,low_031,counsellor,578,2,because it seems like I you know you've expressed some health issues lately and I know you've had a lot of problems with your weight so that's certainly something we can talk about and I know a lot about you know weight loss and have helped a lot of people with you know managing their weight and figuring out what they need to do so you know what are your main problems about your weight I mean why is it a problem for you,1387,20,so you know what are your main problems about your weight,Q,OQ,misc.hlqc.gold,misc.hlqc.gold:1387,Q,CQ,Q,CQ,3
7,low_031,counsellor,578,2,because it seems like I you know you've expressed some health issues lately and I know you've had a lot of problems with your weight so that's certainly something we can talk about and I know a lot about you know weight loss and have helped a lot of people with you know managing their weight and figuring out what they need to do so you know what are your main problems about your weight I mean why is it a problem for you,1388,21,I mean why is it a problem for you,Q,OQ,misc.hlqc.gold,misc.hlqc.gold:1388,Q,CQ,Q,CQ,3
7,low_031,client,579,3,um I eat too much,1389,22,um I eat too much,N,N,misc.hlqc.gold,misc.hlqc.gold:1389,N,N,N,N,2
7,low_031,counsellor,580,4,you eat too much,1390,23,you eat too much,SRL,SR,misc.hlqc.gold,misc.hlqc.gold:1390,O,FI,O,FI,2
7,low_031,client,581,5,yeah,1391,24,yeah,N,N,misc.hlqc.gold,misc.hlqc.gold:1391,N,N,N,N,2
7,low_031,counsellor,582,6,so why do you eat too much I mean how is that a problem,1392,25,so why do you eat too much,Q,OQ,misc.hlqc.gold,misc.hlqc.gold:1392,Q,OQ,Q,Open Question (OQ),7
7,low_031,counsellor,582,6,so why do you eat too much I mean how is that a problem,1393,26,I mean how is that a problem,Q,OQ,misc.hlqc.gold,misc.hlqc.gold:1393,Q,CQ,Q,CQ,3
7,low_031,client,583,7,because whenever I'm stressed out about anything it makes me feel relaxed and calm,1394,27,because whenever I'm stressed out about anything it makes me feel relaxed and calm,N,N,misc.hlqc.gold,misc.hlqc.gold:1394,N,N,N,N,2
7,low_031,counsellor,584,8,so you like it you just like eating food so you just kind of eat more than you know you should be eating yes like do you know about portion control has anyone told you about like you know a card size for a piece of meat or some salad I mean have you has anyone showed you that cuz I can pull out our,1395,28,so you like it,SRL,SR,misc.hlqc.gold,misc.hlqc.gold:1395,CRL,RF,CRL,Reframe (RF),6
7,low_031,counsellor,584,8,so you like it you just like eating food so you just kind of eat more than you know you should be eating yes like do you know about portion control has anyone told you about like you know a card size for a piece of meat or some salad I mean have you has anyone showed you that cuz I can pull out our,1396,29,you just like eating food,SRL,SR,misc.hlqc.gold,misc.hlqc.gold:1396,O,FA,O,Facilitate (FA),7
7,low_031,counsellor,584,8,so you like it you just like eating food so you just kind of eat more than you know you should be eating yes like do you know about portion control has anyone told you about like you know a card size for a piece of meat or some salad I mean have you has anyone showed you that cuz I can pull out our,1397,30,so you just kind of eat more than you know you should be eating,CRL,CR,misc.hlqc.gold,misc.hlqc.gold:1397,O,FA,O,Facilitate (FA),7
7,low_031,counsellor,584,8,so you like it you just like eating food so you just kind of eat more than you know you should be eating yes like do you know about portion control has anyone told you about like you know a card size for a piece of meat or some salad I mean have you has anyone showed you that cuz I can pull out our,1398,31,yes like do you know about portion control,IMI,ADW,misc.hlqc.gold,misc.hlqc.gold:1398,O,FA,O,Facilitate (FA),7
7,low_031,counsellor,584,8,so you like it you just like eating food so you just kind of eat more than you know you should be eating yes like do you know about portion control has anyone told you about like you know a card size for a piece of meat or some salad I mean have you has anyone showed you that cuz I can pull out our,1399,32,has anyone told you about like you know a card size for a piece of meat or some salad,IMI,ADW,misc.hlqc.gold,misc.hlqc.gold:1399,IMI,RCW,IMI,Raise Concern Without Permission (RCW),9
7,low_031,counsellor,584,8,so you like it you just like eating food so you just kind of eat more than you know you should be eating yes like do you know about portion control has anyone told you about like you know a card size for a piece of meat or some salad I mean have you has anyone showed you that cuz I can pull out our,1400,33,I mean have you has anyone showed you that,IMI,ADW,misc.hlqc.gold,misc.hlqc.gold:1400,O,FI,O,FI,2
7,low_031,counsellor,584,8,so you like it you just like eating food so you just kind of eat more than you know you should be eating yes like do you know about portion control has anyone told you about like you know a card size for a piece of meat or some salad I mean have you has anyone showed you that cuz I can pull out our,1401,34,cuz I can pull out our,IMI,ADW,misc.hlqc.gold,misc.hlqc.gold:1401,O,FI,O,FI,2
7,low_031,client,585,9,yeah yeah,1402,35,yeah yeah,N,N,misc.hlqc.gold,misc.hlqc.gold:1402,N,N,N,N,2
7,low_031,counsellor,586,10,samples and give you those that I could probably tell you about it,1403,36,samples and give you those that I could probably tell you about it,IMI,ADW,misc.hlqc.gold,misc.hlqc.gold:1403,IMI,ADW,IMI,ADW,3
7,low_031,client,587,11,you could tell me about it,1404,37,you could tell me about it,N,N,misc.hlqc.gold,misc.hlqc.gold:1404,N,N,N,N,2
7,low_031,counsellor,588,12,I mean about what you should be eating for yeah meat size and like you know baseball size for fruit so it's not that you don't know about it you you you do know about poor lighting control,1405,38,I mean about what you should be eating for yeah meat size and like you know baseball size for fruit,IMC,ADP,misc.hlqc.gold,misc.hlqc.gold:1405,IMI,ADW,IMI,ADW,3
7,low_031,counsellor,588,12,I mean about what you should be eating for yeah meat size and like you know baseball size for fruit so it's not that you don't know about it you you you do know about poor lighting control,1406,39,so it's not that you don't know about it,IMI,CO,misc.hlqc.gold,misc.hlqc.gold:1406,O,FA,O,FA,2
7,low_031,counsellor,588,12,I mean about what you should be eating for yeah meat size and like you know baseball size for fruit so it's not that you don't know about it you you you do know about poor lighting control,1407,40,you you you do know about poor lighting control,IMI,CO,misc.hlqc.gold,misc.hlqc.gold:1407,O,FI,O,FI,2
7,low_031,client,589,13,yeah,1408,41,yeah,N,N,misc.hlqc.gold,misc.hlqc.gold:1408,N,N,N,N,2
7,low_031,counsellor,590,14,so if you know how much you should be eating and then how is it a means you know how much you should be eating then how do you stop,1409,42,so if you know how much you should be eating,IMC,ADP,misc.hlqc.gold,misc.hlqc.gold:1409,IMI,UNKNOWN,IMI,Direct,2
7,low_031,counsellor,590,14,so if you know how much you should be eating and then how is it a means you know how much you should be eating then how do you stop,1410,43,and then how is it a means you know how much you should be eating,IMC,ADP,misc.hlqc.gold,misc.hlqc.gold:1410,O,FA,O,FA,2
7,low_031,counsellor,590,14,so if you know how much you should be eating and then how is it a means you know how much you should be eating then how do you stop,1411,44,then how do you stop,IMC,ADP,misc.hlqc.gold,misc.hlqc.gold:1411,O,FA,O,FA,2
7,low_031,client,591,15,well I guess you told me that you know a lot and you can fix my problem so that that's interesting I'm that's one of the reasons why I decided to participate so I was wondering if you could tell me,1412,45,well I guess you told me that you know a lot and you can fix my problem,N,N,misc.hlqc.gold,misc.hlqc.gold:1412,N,N,N,N,2
7,low_031,client,591,15,well I guess you told me that you know a lot and you can fix my problem so that that's interesting I'm that's one of the reasons why I decided to participate so I was wondering if you could tell me,1413,46,so that that's interesting,N,N,misc.hlqc.gold,misc.hlqc.gold:1413,N,N,N,N,2
7,low_031,client,591,15,well I guess you told me that you know a lot and you can fix my problem so that that's interesting I'm that's one of the reasons why I decided to participate so I was wondering if you could tell me,1414,47,I'm that's one of the reasons why I decided to participate,N,N,misc.hlqc.gold,misc.hlqc.gold:1414,C,R+,C,Reasons (R+),6
7,low_031,client,591,15,well I guess you told me that you know a lot and you can fix my problem so that that's interesting I'm that's one of the reasons why I decided to participate so I was wondering if you could tell me,1415,48,so I was wondering if you could tell me,N,N,misc.hlqc.gold,misc.hlqc.gold:1415,N,N,N,N,2
7,low_031,counsellor,592,16,well that's great I could do about this yeah because you know there's there's just so many different things when it comes to like weight loss you know and really being able to have some self-control I mean that's a really really important factor this is really being able to have some self-control and you know I found a lot of people just really need to increase their fruits and their vegetables and just not eat any processed foods and you know not eat any anything that might be kind of junk but then you know not not cheat either I mean you want to be able let yourself have some ice cream or some things that you might really like from time to time because you know you don't want to completely not let yourself have good stuff either so,1416,49,well that's great I could do about this yeah because you know there's there's just so many different things when it comes to like weight loss you know,IMC,ADP,misc.hlqc.gold,misc.hlqc.gold:1416,IMI,ADW,IMI,ADW,3
7,low_031,counsellor,592,16,well that's great I could do about this yeah because you know there's there's just so many different things when it comes to like weight loss you know and really being able to have some self-control I mean that's a really really important factor this is really being able to have some self-control and you know I found a lot of people just really need to increase their fruits and their vegetables and just not eat any processed foods and you know not eat any anything that might be kind of junk but then you know not not cheat either I mean you want to be able let yourself have some ice cream or some things that you might really like from time to time because you know you don't want to completely not let yourself have good stuff either so,1417,50,and really being able to have some self-control I mean that's a really really important factor,IMC,ADP,misc.hlqc.gold,misc.hlqc.gold:1417,O,FA,O,FA,2
7,low_031,counsellor,592,16,well that's great I could do about this yeah because you know there's there's just so many different things when it comes to like weight loss you know and really being able to have some self-control I mean that's a really really important factor this is really being able to have some self-control and you know I found a lot of people just really need to increase their fruits and their vegetables and just not eat any processed foods and you know not eat any anything that might be kind of junk but then you know not not cheat either I mean you want to be able let yourself have some ice cream or some things that you might really like from time to time because you know you don't want to completely not let yourself have good stuff either so,1418,51,this is really being able to have some self-control,IMC,ADP,misc.hlqc.gold,misc.hlqc.gold:1418,O,FA,O,FA,2
7,low_031,counsellor,592,16,well that's great I could do about this yeah because you know there's there's just so many different things when it comes to like weight loss you know and really being able to have some self-control I mean that's a really really important factor this is really being able to have some self-control and you know I found a lot of people just really need to increase their fruits and their vegetables and just not eat any processed foods and you know not eat any anything that might be kind of junk but then you know not not cheat either I mean you want to be able let yourself have some ice cream or some things that you might really like from time to time because you know you don't want to completely not let yourself have good stuff either so,1419,52,and you know I found a lot of people just really need to increase their fruits and their vegetables,IMC,ADP,misc.hlqc.gold,misc.hlqc.gold:1419,O,FA,O,FA,2
7,low_031,counsellor,592,16,well that's great I could do about this yeah because you know there's there's just so many different things when it comes to like weight loss you know and really being able to have some self-control I mean that's a really really important factor this is really being able to have some self-control and you know I found a lot of people just really need to increase their fruits and their vegetables and just not eat any processed foods and you know not eat any anything that might be kind of junk but then you know not not cheat either I mean you want to be able let yourself have some ice cream or some things that you might really like from time to time because you know you don't want to completely not let yourself have good stuff either so,1420,53,and just not eat any processed foods,IMC,ADP,misc.hlqc.gold,misc.hlqc.gold:1420,O,FA,O,FA,2
7,low_031,counsellor,592,16,well that's great I could do about this yeah because you know there's there's just so many different things when it comes to like weight loss you know and really being able to have some self-control I mean that's a really really important factor this is really being able to have some self-control and you know I found a lot of people just really need to increase their fruits and their vegetables and just not eat any processed foods and you know not eat any anything that might be kind of junk but then you know not not cheat either I mean you want to be able let yourself have some ice cream or some things that you might really like from time to time because you know you don't want to completely not let yourself have good stuff either so,1421,54,and you know not eat any anything that might be kind of junk,IMC,ADP,misc.hlqc.gold,misc.hlqc.gold:1421,O,FA,O,FA,2
7,low_031,counsellor,592,16,well that's great I could do about this yeah because you know there's there's just so many different things when it comes to like weight loss you know and really being able to have some self-control I mean that's a really really important factor this is really being able to have some self-control and you know I found a lot of people just really need to increase their fruits and their vegetables and just not eat any processed foods and you know not eat any anything that might be kind of junk but then you know not not cheat either I mean you want to be able let yourself have some ice cream or some things that you might really like from time to time because you know you don't want to completely not let yourself have good stuff either so,1422,55,but then you know not not cheat either,IMC,ADP,misc.hlqc.gold,misc.hlqc.gold:1422,O,FA,O,FA,2
7,low_031,counsellor,592,16,well that's great I could do about this yeah because you know there's there's just so many different things when it comes to like weight loss you know and really being able to have some self-control I mean that's a really really important factor this is really being able to have some self-control and you know I found a lot of people just really need to increase their fruits and their vegetables and just not eat any processed foods and you know not eat any anything that might be kind of junk but then you know not not cheat either I mean you want to be able let yourself have some ice cream or some things that you might really like from time to time because you know you don't want to completely not let yourself have good stuff either so,1423,56,I mean you want to be able let yourself have some ice cream or some things that you might really like from time to time,IMC,ADP,misc.hlqc.gold,misc.hlqc.gold:1423,IMI,ADW,IMI,ADW,3
7,low_031,counsellor,592,16,well that's great I could do about this yeah because you know there's there's just so many different things when it comes to like weight loss you know and really being able to have some self-control I mean that's a really really important factor this is really being able to have some self-control and you know I found a lot of people just really need to increase their fruits and their vegetables and just not eat any processed foods and you know not eat any anything that might be kind of junk but then you know not not cheat either I mean you want to be able let yourself have some ice cream or some things that you might really like from time to time because you know you don't want to completely not let yourself have good stuff either so,1424,57,because you know you don't want to completely not let yourself have good stuff either,IMC,ADP,misc.hlqc.gold,misc.hlqc.gold:1424,O,FA,O,FA,2
7,low_031,counsellor,592,16,well that's great I could do about this yeah because you know there's there's just so many different things when it comes to like weight loss you know and really being able to have some self-control I mean that's a really really important factor this is really being able to have some self-control and you know I found a lot of people just really need to increase their fruits and their vegetables and just not eat any processed foods and you know not eat any anything that might be kind of junk but then you know not not cheat either I mean you want to be able let yourself have some ice cream or some things that you might really like from time to time because you know you don't want to completely not let yourself have good stuff either so,1425,58,so,O,FI,misc.hlqc.gold,misc.hlqc.gold:1425,O,FA,O,FA,2
7,low_031,client,593,17,It sounds though that you're seeing some opposite things because when one moment you're saying not have any don't have any junk but then allow yourself ice cream once in a while. So that would make it really confusing for me.,1426,59,It sounds though that you're seeing some opposite things because when one moment you're saying not have any don't have any junk but then allow yourself ice cream once in a while.,N,N,misc.hlqc.gold,misc.hlqc.gold:1426,N,N,N,N,2
7,low_031,client,593,17,It sounds though that you're seeing some opposite things because when one moment you're saying not have any don't have any junk but then allow yourself ice cream once in a while. So that would make it really confusing for me.,1427,60,So that would make it really confusing for me.,N,N,misc.hlqc.gold,misc.hlqc.gold:1427,N,N,N,N,2
7,low_031,counsellor,594,18,oh I see well you know obviously you want to make sure you're not eating you know junk food all day long but on the other hand you want to make sure that you give yourself some opportunities to have that bite of brownie or cake or you know I for myself personally I really love like lemon meringue pie so I always have to you know save that little piece for myself in the fridge to make sure I have my little bite of lemon meringue pie and then I can feel good about you know where I where I was eating good the rest of the day then I could still have my lemon meringue pie so something like that might kind of work better you know for you to really take a look at your portion sizes and then you know making sure you get out there and exercising me if you're not exercising that's certainly not going to help you with being able to get off the weight either so that's that's critical how are you doing on weight loss as far as exercising,1428,61,oh I see well you know obviously you want to make sure you're not eating you know junk food all day long,IMC,ADP,misc.hlqc.gold,misc.hlqc.gold:1428,CRL,RF,CRL,Reframe (RF),6
7,low_031,counsellor,594,18,oh I see well you know obviously you want to make sure you're not eating you know junk food all day long but on the other hand you want to make sure that you give yourself some opportunities to have that bite of brownie or cake or you know I for myself personally I really love like lemon meringue pie so I always have to you know save that little piece for myself in the fridge to make sure I have my little bite of lemon meringue pie and then I can feel good about you know where I where I was eating good the rest of the day then I could still have my lemon meringue pie so something like that might kind of work better you know for you to really take a look at your portion sizes and then you know making sure you get out there and exercising me if you're not exercising that's certainly not going to help you with being able to get off the weight either so that's that's critical how are you doing on weight loss as far as exercising,1429,62,but on the other hand you want to make sure that you give yourself some opportunities to have that bite of brownie or cake or you know,IMC,ADP,misc.hlqc.gold,misc.hlqc.gold:1429,CRL,RF,CRL,Reframe (RF),6
7,low_031,counsellor,594,18,oh I see well you know obviously you want to make sure you're not eating you know junk food all day long but on the other hand you want to make sure that you give yourself some opportunities to have that bite of brownie or cake or you know I for myself personally I really love like lemon meringue pie so I always have to you know save that little piece for myself in the fridge to make sure I have my little bite of lemon meringue pie and then I can feel good about you know where I where I was eating good the rest of the day then I could still have my lemon meringue pie so something like that might kind of work better you know for you to really take a look at your portion sizes and then you know making sure you get out there and exercising me if you're not exercising that's certainly not going to help you with being able to get off the weight either so that's that's critical how are you doing on weight loss as far as exercising,1430,63,I for myself personally I really love like lemon meringue pie,IMC,ADP,misc.hlqc.gold,misc.hlqc.gold:1430,O,FA,O,FA,2
7,low_031,counsellor,594,18,oh I see well you know obviously you want to make sure you're not eating you know junk food all day long but on the other hand you want to make sure that you give yourself some opportunities to have that bite of brownie or cake or you know I for myself personally I really love like lemon meringue pie so I always have to you know save that little piece for myself in the fridge to make sure I have my little bite of lemon meringue pie and then I can feel good about you know where I where I was eating good the rest of the day then I could still have my lemon meringue pie so something like that might kind of work better you know for you to really take a look at your portion sizes and then you know making sure you get out there and exercising me if you're not exercising that's certainly not going to help you with being able to get off the weight either so that's that's critical how are you doing on weight loss as far as exercising,1431,64,so I always have to you know save that little piece for myself in the fridge to make sure I have my little bite of lemon meringue pie,IMC,ADP,misc.hlqc.gold,misc.hlqc.gold:1431,O,FA,O,FA,2
7,low_031,counsellor,594,18,oh I see well you know obviously you want to make sure you're not eating you know junk food all day long but on the other hand you want to make sure that you give yourself some opportunities to have that bite of brownie or cake or you know I for myself personally I really love like lemon meringue pie so I always have to you know save that little piece for myself in the fridge to make sure I have my little bite of lemon meringue pie and then I can feel good about you know where I where I was eating good the rest of the day then I could still have my lemon meringue pie so something like that might kind of work better you know for you to really take a look at your portion sizes and then you know making sure you get out there and exercising me if you're not exercising that's certainly not going to help you with being able to get off the weight either so that's that's critical how are you doing on weight loss as far as exercising,1432,65,and then I can feel good about you know where I where I was eating good the rest of the day,IMC,ADP,misc.hlqc.gold,misc.hlqc.gold:1432,CRL,RF,CRL,Reframe (RF),6
7,low_031,counsellor,594,18,oh I see well you know obviously you want to make sure you're not eating you know junk food all day long but on the other hand you want to make sure that you give yourself some opportunities to have that bite of brownie or cake or you know I for myself personally I really love like lemon meringue pie so I always have to you know save that little piece for myself in the fridge to make sure I have my little bite of lemon meringue pie and then I can feel good about you know where I where I was eating good the rest of the day then I could still have my lemon meringue pie so something like that might kind of work better you know for you to really take a look at your portion sizes and then you know making sure you get out there and exercising me if you're not exercising that's certainly not going to help you with being able to get off the weight either so that's that's critical how are you doing on weight loss as far as exercising,1433,66,then I could still have my lemon meringue pie,IMC,ADP,misc.hlqc.gold,misc.hlqc.gold:1433,O,FA,O,FA,2
7,low_031,counsellor,594,18,oh I see well you know obviously you want to make sure you're not eating you know junk food all day long but on the other hand you want to make sure that you give yourself some opportunities to have that bite of brownie or cake or you know I for myself personally I really love like lemon meringue pie so I always have to you know save that little piece for myself in the fridge to make sure I have my little bite of lemon meringue pie and then I can feel good about you know where I where I was eating good the rest of the day then I could still have my lemon meringue pie so something like that might kind of work better you know for you to really take a look at your portion sizes and then you know making sure you get out there and exercising me if you're not exercising that's certainly not going to help you with being able to get off the weight either so that's that's critical how are you doing on weight loss as far as exercising,1434,67,so something like that might kind of work better you know for you to really take a look at your portion sizes,IMC,ADP,misc.hlqc.gold,misc.hlqc.gold:1434,CRL,RF,CRL,Reframe (RF),6
7,low_031,counsellor,594,18,oh I see well you know obviously you want to make sure you're not eating you know junk food all day long but on the other hand you want to make sure that you give yourself some opportunities to have that bite of brownie or cake or you know I for myself personally I really love like lemon meringue pie so I always have to you know save that little piece for myself in the fridge to make sure I have my little bite of lemon meringue pie and then I can feel good about you know where I where I was eating good the rest of the day then I could still have my lemon meringue pie so something like that might kind of work better you know for you to really take a look at your portion sizes and then you know making sure you get out there and exercising me if you're not exercising that's certainly not going to help you with being able to get off the weight either so that's that's critical how are you doing on weight loss as far as exercising,1435,68,and then you know making sure you get out there and exercising,IMC,ADP,misc.hlqc.gold,misc.hlqc.gold:1435,O,FA,O,FA,2
7,low_031,counsellor,594,18,oh I see well you know obviously you want to make sure you're not eating you know junk food all day long but on the other hand you want to make sure that you give yourself some opportunities to have that bite of brownie or cake or you know I for myself personally I really love like lemon meringue pie so I always have to you know save that little piece for myself in the fridge to make sure I have my little bite of lemon meringue pie and then I can feel good about you know where I where I was eating good the rest of the day then I could still have my lemon meringue pie so something like that might kind of work better you know for you to really take a look at your portion sizes and then you know making sure you get out there and exercising me if you're not exercising that's certainly not going to help you with being able to get off the weight either so that's that's critical how are you doing on weight loss as far as exercising,1436,69,me if you're not exercising that's certainly not going to help you with being able to get off the weight either,IMC,ADP,misc.hlqc.gold,misc.hlqc.gold:1436,O,FA,O,FA,2
7,low_031,counsellor,594,18,oh I see well you know obviously you want to make sure you're not eating you know junk food all day long but on the other hand you want to make sure that you give yourself some opportunities to have that bite of brownie or cake or you know I for myself personally I really love like lemon meringue pie so I always have to you know save that little piece for myself in the fridge to make sure I have my little bite of lemon meringue pie and then I can feel good about you know where I where I was eating good the rest of the day then I could still have my lemon meringue pie so something like that might kind of work better you know for you to really take a look at your portion sizes and then you know making sure you get out there and exercising me if you're not exercising that's certainly not going to help you with being able to get off the weight either so that's that's critical how are you doing on weight loss as far as exercising,1437,70,so that's that's critical,IMC,ADP,misc.hlqc.gold,misc.hlqc.gold:1437,O,FA,O,FA,2
7,low_031,counsellor,594,18,oh I see well you know obviously you want to make sure you're not eating you know junk food all day long but on the other hand you want to make sure that you give yourself some opportunities to have that bite of brownie or cake or you know I for myself personally I really love like lemon meringue pie so I always have to you know save that little piece for myself in the fridge to make sure I have my little bite of lemon meringue pie and then I can feel good about you know where I where I was eating good the rest of the day then I could still have my lemon meringue pie so something like that might kind of work better you know for you to really take a look at your portion sizes and then you know making sure you get out there and exercising me if you're not exercising that's certainly not going to help you with being able to get off the weight either so that's that's critical how are you doing on weight loss as far as exercising,1438,71,how are you doing on weight loss as far as exercising,Q,OQ,misc.hlqc.gold,misc.hlqc.gold:1438,O,FA,O,FA,2
7,low_031,client,595,19,oh I haven't been exercising lately,1439,72,oh I haven't been exercising lately,N,N,misc.hlqc.gold,misc.hlqc.gold:1439,N,N,N,N,2
7,low_031,counsellor,596,20,oh so see that's really key right that's a really key portion to it so it sounds like when we talk next time if you kind of kind of give me an idea maybe keep a journal for a week and tell me what you've been eating and we can really look at you know what good things that I can tell you what things you shouldn't be eating out of that plan and then I really think it'd be important if you just start maybe even just start walking three times a week if you could just start that really slowly and then you Muenster now we can kind of see if that's helped some and we can talk about the items you've had on your journal and we can go from there and all kind of direct you from there what you shouldn't be eating how does that sound,1440,73,oh so see that's really key right that's a really key portion to it,IMC,ADP,misc.hlqc.gold,misc.hlqc.gold:1440,O,FA,O,FA,2
7,low_031,counsellor,596,20,oh so see that's really key right that's a really key portion to it so it sounds like when we talk next time if you kind of kind of give me an idea maybe keep a journal for a week and tell me what you've been eating and we can really look at you know what good things that I can tell you what things you shouldn't be eating out of that plan and then I really think it'd be important if you just start maybe even just start walking three times a week if you could just start that really slowly and then you Muenster now we can kind of see if that's helped some and we can talk about the items you've had on your journal and we can go from there and all kind of direct you from there what you shouldn't be eating how does that sound,1441,74,so it sounds like when we talk next time if you kind of kind of give me an idea maybe keep a journal for a week and tell me what you've been eating,IMC,ADP,misc.hlqc.gold,misc.hlqc.gold:1441,Q,CQ,Q,CQ,3
7,low_031,counsellor,596,20,oh so see that's really key right that's a really key portion to it so it sounds like when we talk next time if you kind of kind of give me an idea maybe keep a journal for a week and tell me what you've been eating and we can really look at you know what good things that I can tell you what things you shouldn't be eating out of that plan and then I really think it'd be important if you just start maybe even just start walking three times a week if you could just start that really slowly and then you Muenster now we can kind of see if that's helped some and we can talk about the items you've had on your journal and we can go from there and all kind of direct you from there what you shouldn't be eating how does that sound,1442,75,and we can really look at you know what good things that I can tell you what things you shouldn't be eating out of that plan,IMC,ADP,misc.hlqc.gold,misc.hlqc.gold:1442,IMI,ADW,IMI,ADW,3
7,low_031,counsellor,596,20,oh so see that's really key right that's a really key portion to it so it sounds like when we talk next time if you kind of kind of give me an idea maybe keep a journal for a week and tell me what you've been eating and we can really look at you know what good things that I can tell you what things you shouldn't be eating out of that plan and then I really think it'd be important if you just start maybe even just start walking three times a week if you could just start that really slowly and then you Muenster now we can kind of see if that's helped some and we can talk about the items you've had on your journal and we can go from there and all kind of direct you from there what you shouldn't be eating how does that sound,1443,76,and then I really think it'd be important if you just start maybe even just start walking three times a week,IMC,ADP,misc.hlqc.gold,misc.hlqc.gold:1443,IMC,ADP,IMC,ADP,3
7,low_031,counsellor,596,20,oh so see that's really key right that's a really key portion to it so it sounds like when we talk next time if you kind of kind of give me an idea maybe keep a journal for a week and tell me what you've been eating and we can really look at you know what good things that I can tell you what things you shouldn't be eating out of that plan and then I really think it'd be important if you just start maybe even just start walking three times a week if you could just start that really slowly and then you Muenster now we can kind of see if that's helped some and we can talk about the items you've had on your journal and we can go from there and all kind of direct you from there what you shouldn't be eating how does that sound,1444,77,if you could just start that really slowly,IMC,ADP,misc.hlqc.gold,misc.hlqc.gold:1444,IMI,UNKNOWN,IMI,Direct,2
7,low_031,counsellor,596,20,oh so see that's really key right that's a really key portion to it so it sounds like when we talk next time if you kind of kind of give me an idea maybe keep a journal for a week and tell me what you've been eating and we can really look at you know what good things that I can tell you what things you shouldn't be eating out of that plan and then I really think it'd be important if you just start maybe even just start walking three times a week if you could just start that really slowly and then you Muenster now we can kind of see if that's helped some and we can talk about the items you've had on your journal and we can go from there and all kind of direct you from there what you shouldn't be eating how does that sound,1445,78,and then you Muenster now we can kind of see if that's helped some,IMC,ADP,misc.hlqc.gold,misc.hlqc.gold:1445,O,FA,O,FA,2
7,low_031,counsellor,596,20,oh so see that's really key right that's a really key portion to it so it sounds like when we talk next time if you kind of kind of give me an idea maybe keep a journal for a week and tell me what you've been eating and we can really look at you know what good things that I can tell you what things you shouldn't be eating out of that plan and then I really think it'd be important if you just start maybe even just start walking three times a week if you could just start that really slowly and then you Muenster now we can kind of see if that's helped some and we can talk about the items you've had on your journal and we can go from there and all kind of direct you from there what you shouldn't be eating how does that sound,1446,79,and we can talk about the items you've had on your journal,O,ST,misc.hlqc.gold,misc.hlqc.gold:1446,O,FA,O,FA,2
7,low_031,counsellor,596,20,oh so see that's really key right that's a really key portion to it so it sounds like when we talk next time if you kind of kind of give me an idea maybe keep a journal for a week and tell me what you've been eating and we can really look at you know what good things that I can tell you what things you shouldn't be eating out of that plan and then I really think it'd be important if you just start maybe even just start walking three times a week if you could just start that really slowly and then you Muenster now we can kind of see if that's helped some and we can talk about the items you've had on your journal and we can go from there and all kind of direct you from there what you shouldn't be eating how does that sound,1447,80,and we can go from there and all kind of direct you from there what you shouldn't be eating,O,ST,misc.hlqc.gold,misc.hlqc.gold:1447,IMI,ADW,IMI,ADW,3
7,low_031,counsellor,596,20,oh so see that's really key right that's a really key portion to it so it sounds like when we talk next time if you kind of kind of give me an idea maybe keep a journal for a week and tell me what you've been eating and we can really look at you know what good things that I can tell you what things you shouldn't be eating out of that plan and then I really think it'd be important if you just start maybe even just start walking three times a week if you could just start that really slowly and then you Muenster now we can kind of see if that's helped some and we can talk about the items you've had on your journal and we can go from there and all kind of direct you from there what you shouldn't be eating how does that sound,1448,81,how does that sound,Q,CQ,misc.hlqc.gold,misc.hlqc.gold:1448,Q,CQ,Q,CQ,3
7,low_031,client,597,21,well what does walking three times a week like for how long really like you know,1449,82,well what does walking three times a week like,N,N,misc.hlqc.gold,misc.hlqc.gold:1449,N,N,N,N,2
7,low_031,client,597,21,well what does walking three times a week like for how long really like you know,1450,83,for how long really,N,N,misc.hlqc.gold,misc.hlqc.gold:1450,N,N,N,N,2
7,low_031,client,597,21,well what does walking three times a week like for how long really like you know,1451,84,like you know,N,N,misc.hlqc.gold,misc.hlqc.gold:1451,N,N,N,N,2
7,low_031,counsellor,598,22,sure whatever whatever is comfortable for you so you know start out small so that you can feel really good about having some success and doing some exercise so you know if you feel tired at ten fifteen minutes really just kind of paste it along for yourself and feel what's right so that you can feel like you're getting out there and getting moving because it's all about taking a small step and you know at least getting active,1452,85,sure whatever whatever is comfortable for you,CRL,EC,misc.hlqc.gold,misc.hlqc.gold:1452,O,FA,O,Facilitate (FA),7
7,low_031,counsellor,598,22,sure whatever whatever is comfortable for you so you know start out small so that you can feel really good about having some success and doing some exercise so you know if you feel tired at ten fifteen minutes really just kind of paste it along for yourself and feel what's right so that you can feel like you're getting out there and getting moving because it's all about taking a small step and you know at least getting active,1453,86,so you know start out small so that you can feel really good about having some success and doing some exercise,IMC,ADP,misc.hlqc.gold,misc.hlqc.gold:1453,CRL,SU,CRL,Support (SU),5
7,low_031,counsellor,598,22,sure whatever whatever is comfortable for you so you know start out small so that you can feel really good about having some success and doing some exercise so you know if you feel tired at ten fifteen minutes really just kind of paste it along for yourself and feel what's right so that you can feel like you're getting out there and getting moving because it's all about taking a small step and you know at least getting active,1454,87,so you know if you feel tired at ten fifteen minutes really just kind of paste it along for yourself and feel what's right,IMC,ADP,misc.hlqc.gold,misc.hlqc.gold:1454,O,FA,O,FA,2
7,low_031,counsellor,598,22,sure whatever whatever is comfortable for you so you know start out small so that you can feel really good about having some success and doing some exercise so you know if you feel tired at ten fifteen minutes really just kind of paste it along for yourself and feel what's right so that you can feel like you're getting out there and getting moving because it's all about taking a small step and you know at least getting active,1455,88,so that you can feel like you're getting out there and getting moving,IMC,ADP,misc.hlqc.gold,misc.hlqc.gold:1455,O,FA,O,FA,2
7,low_031,counsellor,598,22,sure whatever whatever is comfortable for you so you know start out small so that you can feel really good about having some success and doing some exercise so you know if you feel tired at ten fifteen minutes really just kind of paste it along for yourself and feel what's right so that you can feel like you're getting out there and getting moving because it's all about taking a small step and you know at least getting active,1456,89,because it's all about taking a small step and you know at least getting active,IMC,ADP,misc.hlqc.gold,misc.hlqc.gold:1456,CRL,RF,CRL,Reframe (RF),6
7,low_031,client,599,23,okay,1457,90,okay,N,N,misc.hlqc.gold,misc.hlqc.gold:1457,N,N,N,N,2
7,low_031,counsellor,600,24,and then I think the flute journal would be really important because then we'll really have a better idea what you what you truly are eating and how many calories and then we can go from there and deciding you know how many calories you really should be eating in your diet and that way you can do a better job of monitoring it,1458,91,and then I think the flute journal would be really important because then we'll really have a better idea what you what you truly are eating and how many calories,IMC,ADP,misc.hlqc.gold,misc.hlqc.gold:1458,O,FA,O,FA,2
7,low_031,counsellor,600,24,and then I think the flute journal would be really important because then we'll really have a better idea what you what you truly are eating and how many calories and then we can go from there and deciding you know how many calories you really should be eating in your diet and that way you can do a better job of monitoring it,1459,92,and then we can go from there and deciding you know how many calories you really should be eating in your diet,IMC,ADP,misc.hlqc.gold,misc.hlqc.gold:1459,IMI,ADW,IMI,ADW,3
7,low_031,counsellor,600,24,and then I think the flute journal would be really important because then we'll really have a better idea what you what you truly are eating and how many calories and then we can go from there and deciding you know how many calories you really should be eating in your diet and that way you can do a better job of monitoring it,1460,93,and that way you can do a better job of monitoring it,IMC,ADP,misc.hlqc.gold,misc.hlqc.gold:1460,O,FA,O,FA,2
7,low_031,client,601,25,okay,1461,94,okay,N,N,misc.hlqc.gold,misc.hlqc.gold:1461,N,N,N,N,2
7,low_031,counsellor,602,26,so how about we meet back and say three to four weeks and we can kind of see how that journal is going so,1462,95,so how about we meet back and say three to four weeks,Q,CQ,misc.hlqc.gold,misc.hlqc.gold:1462,O,ST,O,ST,2
7,low_031,counsellor,602,26,so how about we meet back and say three to four weeks and we can kind of see how that journal is going so,1463,96,and we can kind of see how that journal is going,Q,CQ,misc.hlqc.gold,misc.hlqc.gold:1463,O,FA,O,FA,2
7,low_031,counsellor,602,26,so how about we meet back and say three to four weeks and we can kind of see how that journal is going so,1464,97,so,O,FI,misc.hlqc.gold,misc.hlqc.gold:1464,O,FA,O,FA,2
7,low_031,client,603,27,that seems like a long time I mean I think in three to four weeks a lot of things can happen and I think these things,1465,98,that seems like a long time,N,N,misc.hlqc.gold,misc.hlqc.gold:1465,N,N,N,N,2
7,low_031,client,603,27,that seems like a long time I mean I think in three to four weeks a lot of things can happen and I think these things,1466,99,I mean I think in three to four weeks a lot of things can happen,N,N,misc.hlqc.gold,misc.hlqc.gold:1466,N,N,N,N,2
7,low_031,client,603,27,that seems like a long time I mean I think in three to four weeks a lot of things can happen and I think these things,1467,100,and I think these things,N,N,misc.hlqc.gold,misc.hlqc.gold:1467,N,N,N,N,2
7,low_031,counsellor,604,28,yeah if you have any problems along the way before then feel free to give me a call I'm always available so if there is something that you find that's just not working just give me a call we can kind of discuss it but then we can meet in person because we really should probably have about a month of your journal you know kind of down but if there's something that comes up I mean by all means just give me a call there's my extension so you'll call me if you you know,1468,101,yeah if you have any problems along the way before then feel free to give me a call I'm always available,CRL,SU,misc.hlqc.gold,misc.hlqc.gold:1468,O,FA,O,Facilitate (FA),7
7,low_031,counsellor,604,28,yeah if you have any problems along the way before then feel free to give me a call I'm always available so if there is something that you find that's just not working just give me a call we can kind of discuss it but then we can meet in person because we really should probably have about a month of your journal you know kind of down but if there's something that comes up I mean by all means just give me a call there's my extension so you'll call me if you you know,1469,102,so if there is something that you find that's just not working just give me a call,CRL,SU,misc.hlqc.gold,misc.hlqc.gold:1469,IMI,ADW,IMI,ADW,3
7,low_031,counsellor,604,28,yeah if you have any problems along the way before then feel free to give me a call I'm always available so if there is something that you find that's just not working just give me a call we can kind of discuss it but then we can meet in person because we really should probably have about a month of your journal you know kind of down but if there's something that comes up I mean by all means just give me a call there's my extension so you'll call me if you you know,1470,103,we can kind of discuss it but then we can meet in person,CRL,SU,misc.hlqc.gold,misc.hlqc.gold:1470,IMI,DI,IMI,DI,2
7,low_031,counsellor,604,28,yeah if you have any problems along the way before then feel free to give me a call I'm always available so if there is something that you find that's just not working just give me a call we can kind of discuss it but then we can meet in person because we really should probably have about a month of your journal you know kind of down but if there's something that comes up I mean by all means just give me a call there's my extension so you'll call me if you you know,1471,104,because we really should probably have about a month of your journal you know kind of down,O,FI,misc.hlqc.gold,misc.hlqc.gold:1471,O,FA,O,FA,2
7,low_031,counsellor,604,28,yeah if you have any problems along the way before then feel free to give me a call I'm always available so if there is something that you find that's just not working just give me a call we can kind of discuss it but then we can meet in person because we really should probably have about a month of your journal you know kind of down but if there's something that comes up I mean by all means just give me a call there's my extension so you'll call me if you you know,1472,105,but if there's something that comes up I mean by all means just give me a call,O,FI,misc.hlqc.gold,misc.hlqc.gold:1472,IMI,ADW,IMI,ADW,3
7,low_031,counsellor,604,28,yeah if you have any problems along the way before then feel free to give me a call I'm always available so if there is something that you find that's just not working just give me a call we can kind of discuss it but then we can meet in person because we really should probably have about a month of your journal you know kind of down but if there's something that comes up I mean by all means just give me a call there's my extension so you'll call me if you you know,1473,106,there's my extension so you'll call me if you you know,O,FI,misc.hlqc.gold,misc.hlqc.gold:1473,O,UNKNOWN,O,Facilitate,4
7,low_031,client,605,29,my weights been coming up so I think things will come up in a month,1474,107,my weights been coming up,N,N,misc.hlqc.gold,misc.hlqc.gold:1474,N,N,N,N,2
7,low_031,client,605,29,my weights been coming up so I think things will come up in a month,1475,108,so I think things will come up in a month,S,AB-,misc.hlqc.gold,misc.hlqc.gold:1475,N,N,N,N,2
7,low_031,counsellor,606,30,yeah well I I would hope that with some you know with some exercise and with starting to be more aware by writing down what you eat you may find it as you have to write it down that you may find that you will avoid eating certain things because you don't want to you know as you write it down it may make you feel like well now I'm not so sure I should eat this like if you're gonna eat a whole container of ice cream you know you might not want to have to write that down so you may just limit yourself to a scoop or two of ice cream so there is some kind of pieces that help with having to write things down and I think we're just gonna take it step by step but again there's my phone and my extension so I'm here if you need me,1476,109,yeah well I I would hope that with some you know with some exercise and with starting to be more aware by writing down what you eat you may find it as you have to write it down that you may find that you will avoid eating certain things because you don't want to,IMC,ADP,misc.hlqc.gold,misc.hlqc.gold:1476,IMI,ADW,IMI,ADW,3
7,low_031,counsellor,606,30,yeah well I I would hope that with some you know with some exercise and with starting to be more aware by writing down what you eat you may find it as you have to write it down that you may find that you will avoid eating certain things because you don't want to you know as you write it down it may make you feel like well now I'm not so sure I should eat this like if you're gonna eat a whole container of ice cream you know you might not want to have to write that down so you may just limit yourself to a scoop or two of ice cream so there is some kind of pieces that help with having to write things down and I think we're just gonna take it step by step but again there's my phone and my extension so I'm here if you need me,1477,110,you know as you write it down it may make you feel like well now I'm not so sure I should eat this,IMC,ADP,misc.hlqc.gold,misc.hlqc.gold:1477,CRL,RF,CRL,Reframe (RF),6
7,low_031,counsellor,606,30,yeah well I I would hope that with some you know with some exercise and with starting to be more aware by writing down what you eat you may find it as you have to write it down that you may find that you will avoid eating certain things because you don't want to you know as you write it down it may make you feel like well now I'm not so sure I should eat this like if you're gonna eat a whole container of ice cream you know you might not want to have to write that down so you may just limit yourself to a scoop or two of ice cream so there is some kind of pieces that help with having to write things down and I think we're just gonna take it step by step but again there's my phone and my extension so I'm here if you need me,1478,111,like if you're gonna eat a whole container of ice cream you know you might not want to have to write that down so you may just limit yourself to a scoop or two of ice cream,IMC,ADP,misc.hlqc.gold,misc.hlqc.gold:1478,CRL,RF,CRL,Reframe (RF),6
7,low_031,counsellor,606,30,yeah well I I would hope that with some you know with some exercise and with starting to be more aware by writing down what you eat you may find it as you have to write it down that you may find that you will avoid eating certain things because you don't want to you know as you write it down it may make you feel like well now I'm not so sure I should eat this like if you're gonna eat a whole container of ice cream you know you might not want to have to write that down so you may just limit yourself to a scoop or two of ice cream so there is some kind of pieces that help with having to write things down and I think we're just gonna take it step by step but again there's my phone and my extension so I'm here if you need me,1479,112,so there is some kind of pieces that help with having to write things down,IMC,ADP,misc.hlqc.gold,misc.hlqc.gold:1479,O,FA,O,FA,2
7,low_031,counsellor,606,30,yeah well I I would hope that with some you know with some exercise and with starting to be more aware by writing down what you eat you may find it as you have to write it down that you may find that you will avoid eating certain things because you don't want to you know as you write it down it may make you feel like well now I'm not so sure I should eat this like if you're gonna eat a whole container of ice cream you know you might not want to have to write that down so you may just limit yourself to a scoop or two of ice cream so there is some kind of pieces that help with having to write things down and I think we're just gonna take it step by step but again there's my phone and my extension so I'm here if you need me,1480,113,and I think we're just gonna take it step by step,IMC,ADP,misc.hlqc.gold,misc.hlqc.gold:1480,O,FA,O,FA,2
7,low_031,counsellor,606,30,yeah well I I would hope that with some you know with some exercise and with starting to be more aware by writing down what you eat you may find it as you have to write it down that you may find that you will avoid eating certain things because you don't want to you know as you write it down it may make you feel like well now I'm not so sure I should eat this like if you're gonna eat a whole container of ice cream you know you might not want to have to write that down so you may just limit yourself to a scoop or two of ice cream so there is some kind of pieces that help with having to write things down and I think we're just gonna take it step by step but again there's my phone and my extension so I'm here if you need me,1481,114,but again there's my phone and my extension so I'm here if you need me,CRL,SU,misc.hlqc.gold,misc.hlqc.gold:1481,O,UNKNOWN,O,Facilitate,4
7,low_031,client,607,31,okay,1482,115,okay,N,N,misc.hlqc.gold,misc.hlqc.gold:1482,N,N,N,N,2
7,low_031,counsellor,608,32,so let's just continue on our conversation that's so Tonya I'm really glad you were able to kind of come in and just talk with me for a couple minutes as I explained kind of briefly on the phone as part of your insurance benefit I'm available for you as your own personal coach you know I am a nurse but I have a lot of background in wellness so I've been really here to help guide people and kind of as a case manager I'm able to help you there help empower you don't kind of work towards your goals of what you're trying to work on with your health and I know you would express on the phone a little bit but I would love it if you tell me some more about you know what is one of maybe the main things you've been thinking about in relation to your health right now,1483,116,so let's just continue on our conversation,O,ST,misc.hlqc.gold,misc.hlqc.gold:1483,O,FA,O,FA,2
7,low_031,counsellor,608,32,so let's just continue on our conversation that's so Tonya I'm really glad you were able to kind of come in and just talk with me for a couple minutes as I explained kind of briefly on the phone as part of your insurance benefit I'm available for you as your own personal coach you know I am a nurse but I have a lot of background in wellness so I've been really here to help guide people and kind of as a case manager I'm able to help you there help empower you don't kind of work towards your goals of what you're trying to work on with your health and I know you would express on the phone a little bit but I would love it if you tell me some more about you know what is one of maybe the main things you've been thinking about in relation to your health right now,1484,117,that's so Tonya I'm really glad you were able to kind of come in and just talk with me for a couple minutes,CRL,AF,misc.hlqc.gold,misc.hlqc.gold:1484,O,FI,O,Filler (FI),6
7,low_031,counsellor,608,32,so let's just continue on our conversation that's so Tonya I'm really glad you were able to kind of come in and just talk with me for a couple minutes as I explained kind of briefly on the phone as part of your insurance benefit I'm available for you as your own personal coach you know I am a nurse but I have a lot of background in wellness so I've been really here to help guide people and kind of as a case manager I'm able to help you there help empower you don't kind of work towards your goals of what you're trying to work on with your health and I know you would express on the phone a little bit but I would love it if you tell me some more about you know what is one of maybe the main things you've been thinking about in relation to your health right now,1485,118,as I explained kind of briefly on the phone as part of your insurance benefit I'm available for you as your own personal coach,O,FI,misc.hlqc.gold,misc.hlqc.gold:1485,O,FA,O,FA,2
7,low_031,counsellor,608,32,so let's just continue on our conversation that's so Tonya I'm really glad you were able to kind of come in and just talk with me for a couple minutes as I explained kind of briefly on the phone as part of your insurance benefit I'm available for you as your own personal coach you know I am a nurse but I have a lot of background in wellness so I've been really here to help guide people and kind of as a case manager I'm able to help you there help empower you don't kind of work towards your goals of what you're trying to work on with your health and I know you would express on the phone a little bit but I would love it if you tell me some more about you know what is one of maybe the main things you've been thinking about in relation to your health right now,1486,119,you know I am a nurse but I have a lot of background in wellness,O,FI,misc.hlqc.gold,misc.hlqc.gold:1486,O,FI,O,FI,2
7,low_031,counsellor,608,32,so let's just continue on our conversation that's so Tonya I'm really glad you were able to kind of come in and just talk with me for a couple minutes as I explained kind of briefly on the phone as part of your insurance benefit I'm available for you as your own personal coach you know I am a nurse but I have a lot of background in wellness so I've been really here to help guide people and kind of as a case manager I'm able to help you there help empower you don't kind of work towards your goals of what you're trying to work on with your health and I know you would express on the phone a little bit but I would love it if you tell me some more about you know what is one of maybe the main things you've been thinking about in relation to your health right now,1487,120,so I've been really here to help guide people and kind of as a case manager I'm able to help you there,O,FI,misc.hlqc.gold,misc.hlqc.gold:1487,O,UNKNOWN,O,Structure,2
7,low_031,counsellor,608,32,so let's just continue on our conversation that's so Tonya I'm really glad you were able to kind of come in and just talk with me for a couple minutes as I explained kind of briefly on the phone as part of your insurance benefit I'm available for you as your own personal coach you know I am a nurse but I have a lot of background in wellness so I've been really here to help guide people and kind of as a case manager I'm able to help you there help empower you don't kind of work towards your goals of what you're trying to work on with your health and I know you would express on the phone a little bit but I would love it if you tell me some more about you know what is one of maybe the main things you've been thinking about in relation to your health right now,1488,121,help empower you don't kind of work towards your goals of what you're trying to work on with your health,O,FI,misc.hlqc.gold,misc.hlqc.gold:1488,CRL,EC,CRL,Emphasize Control (EC),8
7,low_031,counsellor,608,32,so let's just continue on our conversation that's so Tonya I'm really glad you were able to kind of come in and just talk with me for a couple minutes as I explained kind of briefly on the phone as part of your insurance benefit I'm available for you as your own personal coach you know I am a nurse but I have a lot of background in wellness so I've been really here to help guide people and kind of as a case manager I'm able to help you there help empower you don't kind of work towards your goals of what you're trying to work on with your health and I know you would express on the phone a little bit but I would love it if you tell me some more about you know what is one of maybe the main things you've been thinking about in relation to your health right now,1489,122,and I know you would express on the phone a little bit,O,FI,misc.hlqc.gold,misc.hlqc.gold:1489,O,FI,O,FI,2
7,low_031,counsellor,608,32,so let's just continue on our conversation that's so Tonya I'm really glad you were able to kind of come in and just talk with me for a couple minutes as I explained kind of briefly on the phone as part of your insurance benefit I'm available for you as your own personal coach you know I am a nurse but I have a lot of background in wellness so I've been really here to help guide people and kind of as a case manager I'm able to help you there help empower you don't kind of work towards your goals of what you're trying to work on with your health and I know you would express on the phone a little bit but I would love it if you tell me some more about you know what is one of maybe the main things you've been thinking about in relation to your health right now,1490,123,but I would love it if you tell me some more about you know what is one of maybe the main things you've been thinking about in relation to your health right now,Q,OQ,misc.hlqc.gold,misc.hlqc.gold:1490,Q,OQ,Q,Open Question (OQ),7
7,low_031,client,609,33,okay well basically I feel like if I don't if I don't stay on certain habits and routines then everything just kind of goes kaput,1491,124,okay well basically I feel like if I don't if I don't stay on certain habits and routines then everything just kind of goes kaput,N,N,misc.hlqc.gold,misc.hlqc.gold:1491,N,N,N,N,2
7,low_031,counsellor,610,34,so the structure is really important to you in your life in order to manage your house,1492,125,so the structure is really important to you in your life,SRL,SR,misc.hlqc.gold,misc.hlqc.gold:1492,CRL,RF,CRL,Reframe (RF),6
7,low_031,counsellor,610,34,so the structure is really important to you in your life in order to manage your house,1493,126,in order to manage your house,SRL,SR,misc.hlqc.gold,misc.hlqc.gold:1493,O,FA,O,FA,2
7,low_031,client,611,35,yeah I realize there's certain things I have to do in order to stay on on track yeah or else everything just kind of then I start noticing that I get into this whole this whole myriad of unhealthy unhealthy things I feel yucky basically,1494,127,yeah I realize there's certain things I have to do in order to stay on on track,N,N,misc.hlqc.gold,misc.hlqc.gold:1494,N,N,N,N,2
7,low_031,client,611,35,yeah I realize there's certain things I have to do in order to stay on on track yeah or else everything just kind of then I start noticing that I get into this whole this whole myriad of unhealthy unhealthy things I feel yucky basically,1495,128,yeah or else everything just kind of,N,N,misc.hlqc.gold,misc.hlqc.gold:1495,N,N,N,N,2
7,low_031,client,611,35,yeah I realize there's certain things I have to do in order to stay on on track yeah or else everything just kind of then I start noticing that I get into this whole this whole myriad of unhealthy unhealthy things I feel yucky basically,1496,129,then I start noticing that I get into this whole this whole myriad of unhealthy unhealthy things,N,N,misc.hlqc.gold,misc.hlqc.gold:1496,N,N,N,N,2
7,low_031,client,611,35,yeah I realize there's certain things I have to do in order to stay on on track yeah or else everything just kind of then I start noticing that I get into this whole this whole myriad of unhealthy unhealthy things I feel yucky basically,1497,130,I feel yucky basically,N,N,misc.hlqc.gold,misc.hlqc.gold:1497,N,N,N,N,2
7,low_031,counsellor,612,36,so it almost sounds like a house of cards if one kind of shifts away from from that,1498,131,so it almost sounds like a house of cards,CRL,CR,misc.hlqc.gold,misc.hlqc.gold:1498,CRL,RF,CRL,Reframe (RF),6
7,low_031,counsellor,612,36,so it almost sounds like a house of cards if one kind of shifts away from from that,1499,132,if one kind of shifts away from from that,CRL,CR,misc.hlqc.gold,misc.hlqc.gold:1499,CRL,CR,CRL,Complex Reflection (CR),6
7,low_031,client,613,37,hmm,1500,133,hmm,N,N,misc.hlqc.gold,misc.hlqc.gold:1500,N,N,N,N,2
7,low_031,counsellor,614,38,they just kind of all fall down very quickly and then you start to not feel good about yourself or you don't start to feel good in general physically,1501,134,they just kind of all fall down very quickly,CRL,CR,misc.hlqc.gold,misc.hlqc.gold:1501,CRL,CR,CRL,Complex Reflection (CR),6
7,low_031,counsellor,614,38,they just kind of all fall down very quickly and then you start to not feel good about yourself or you don't start to feel good in general physically,1502,135,and then you start to not feel good about yourself,CRL,CR,misc.hlqc.gold,misc.hlqc.gold:1502,O,FA,O,FA,2
7,low_031,counsellor,614,38,they just kind of all fall down very quickly and then you start to not feel good about yourself or you don't start to feel good in general physically,1503,136,or you don't start to feel good in general physically,CRL,CR,misc.hlqc.gold,misc.hlqc.gold:1503,O,FA,O,FA,2
7,low_031,client,615,39,yeah I don't start field of it in general physically and then I you know I I yeah I can feel a change in my body and I just feel yucky because I'm then I end up not doing anything really,1504,137,yeah I don't start field of it in general physically,N,N,misc.hlqc.gold,misc.hlqc.gold:1504,N,N,N,N,2
7,low_031,client,615,39,yeah I don't start field of it in general physically and then I you know I I yeah I can feel a change in my body and I just feel yucky because I'm then I end up not doing anything really,1505,138,and then I you know I I yeah I can feel a change in my body,N,N,misc.hlqc.gold,misc.hlqc.gold:1505,N,N,N,N,2
7,low_031,client,615,39,yeah I don't start field of it in general physically and then I you know I I yeah I can feel a change in my body and I just feel yucky because I'm then I end up not doing anything really,1506,139,and I just feel yucky,N,N,misc.hlqc.gold,misc.hlqc.gold:1506,N,N,N,N,2
7,low_031,client,615,39,yeah I don't start field of it in general physically and then I you know I I yeah I can feel a change in my body and I just feel yucky because I'm then I end up not doing anything really,1507,140,because I'm then I end up not doing anything really,N,N,misc.hlqc.gold,misc.hlqc.gold:1507,N,N,N,N,2
7,low_031,counsellor,616,40,oh okay so because you start feeling poorly or you started feeling badly then you just kind of say well whatever or,1508,141,oh okay so because you start feeling poorly or you started feeling badly then you just kind of say well whatever or,CRL,CR,misc.hlqc.gold,misc.hlqc.gold:1508,Q,CQ,Q,CQ,3
7,low_031,client,617,41,yeah yeah it's kind of I move on and good habit reinforces on the so they build upon each other and it's sort of like if I don't have that collection of good habits then yeah I start to feel it because I'm not exercising and then I start to feel you know the fat come on and yeah,1509,142,yeah yeah it's kind of I move on and good habit reinforces on the so they build upon each other,N,N,misc.hlqc.gold,misc.hlqc.gold:1509,N,N,N,N,2
7,low_031,client,617,41,yeah yeah it's kind of I move on and good habit reinforces on the so they build upon each other and it's sort of like if I don't have that collection of good habits then yeah I start to feel it because I'm not exercising and then I start to feel you know the fat come on and yeah,1510,143,and it's sort of like if I don't have that collection of good habits then yeah I start to feel it,N,N,misc.hlqc.gold,misc.hlqc.gold:1510,N,N,N,N,2
7,low_031,client,617,41,yeah yeah it's kind of I move on and good habit reinforces on the so they build upon each other and it's sort of like if I don't have that collection of good habits then yeah I start to feel it because I'm not exercising and then I start to feel you know the fat come on and yeah,1511,144,because I'm not exercising and then I start to feel you know the fat come on,N,N,misc.hlqc.gold,misc.hlqc.gold:1511,N,N,N,N,2
7,low_031,client,617,41,yeah yeah it's kind of I move on and good habit reinforces on the so they build upon each other and it's sort of like if I don't have that collection of good habits then yeah I start to feel it because I'm not exercising and then I start to feel you know the fat come on and yeah,1512,145,and yeah,N,N,misc.hlqc.gold,misc.hlqc.gold:1512,N,N,N,N,2
7,low_031,counsellor,618,42,for you it feels like this whole kind of circle of things almost the quickl you're not doing what you need to be doing then you start to feel a weight difference in your weight,1513,146,for you it feels like this whole kind of circle of things almost,CRL,CR,misc.hlqc.gold,misc.hlqc.gold:1513,O,FA,O,FA,2
7,low_031,counsellor,618,42,for you it feels like this whole kind of circle of things almost the quickl you're not doing what you need to be doing then you start to feel a weight difference in your weight,1514,147,the quickl you're not doing what you need to be doing,CRL,CR,misc.hlqc.gold,misc.hlqc.gold:1514,O,FA,O,FA,2
7,low_031,counsellor,618,42,for you it feels like this whole kind of circle of things almost the quickl you're not doing what you need to be doing then you start to feel a weight difference in your weight,1515,148,then you start to feel a weight difference in your weight,CRL,CR,misc.hlqc.gold,misc.hlqc.gold:1515,O,FA,O,FA,2
7,low_031,client,619,43,yeah,1516,149,yeah,N,N,misc.hlqc.gold,misc.hlqc.gold:1516,N,N,N,N,2
7,low_031,counsellor,620,44,so it just kind of builds on itself,1517,150,so it just kind of builds on itself,CRL,CR,misc.hlqc.gold,misc.hlqc.gold:1517,O,FA,O,FA,2
7,low_031,client,621,45,yeah,1518,151,yeah,N,N,misc.hlqc.gold,misc.hlqc.gold:1518,N,N,N,N,2
7,low_031,counsellor,622,46,so what do you see is the key goal that you're trying to focus on right now or maybe a group of goals what are what are your key things that you are wanting to have happen,1519,152,so what do you see is the key goal that you're trying to focus on right now,Q,OQ,misc.hlqc.gold,misc.hlqc.gold:1519,Q,OQ,Q,OQ,3
7,low_031,counsellor,622,46,so what do you see is the key goal that you're trying to focus on right now or maybe a group of goals what are what are your key things that you are wanting to have happen,1520,153,or maybe a group of goals,Q,OQ,misc.hlqc.gold,misc.hlqc.gold:1520,O,FA,O,FA,2
7,low_031,counsellor,622,46,so what do you see is the key goal that you're trying to focus on right now or maybe a group of goals what are what are your key things that you are wanting to have happen,1521,154,what are what are your key things that you are wanting to have happen,Q,OQ,misc.hlqc.gold,misc.hlqc.gold:1521,Q,OQ,Q,Open Question (OQ),7
7,low_031,client,623,47,well I think just doing those things that do make me feel good you know,1522,155,well I think just doing those things that do make me feel good you know,C,AC+,misc.hlqc.gold,misc.hlqc.gold:1522,N,N,N,N,2
7,low_031,counsellor,624,48,tell me a little bit about those,1523,156,tell me a little bit about those,O,OQ,misc.hlqc.gold,misc.hlqc.gold:1523,Q,OQ,Q,Open Question (OQ),7
7,low_031,client,625,49,drinking water eating a certain amount of fruits and vegetables per day giving a certain amount of activity in per day and I was just thinking lately what's important to me is having one kind of thing that I do around physical activity that's social so I'm around other people and I realized that that makes a big difference to,1524,157,drinking water,C,AC+,misc.hlqc.gold,misc.hlqc.gold:1524,N,N,N,N,2
7,low_031,client,625,49,drinking water eating a certain amount of fruits and vegetables per day giving a certain amount of activity in per day and I was just thinking lately what's important to me is having one kind of thing that I do around physical activity that's social so I'm around other people and I realized that that makes a big difference to,1525,158,eating a certain amount of fruits and vegetables per day,C,AC+,misc.hlqc.gold,misc.hlqc.gold:1525,N,N,N,N,2
7,low_031,client,625,49,drinking water eating a certain amount of fruits and vegetables per day giving a certain amount of activity in per day and I was just thinking lately what's important to me is having one kind of thing that I do around physical activity that's social so I'm around other people and I realized that that makes a big difference to,1526,159,giving a certain amount of activity in per day,C,AC+,misc.hlqc.gold,misc.hlqc.gold:1526,N,N,N,N,2
7,low_031,client,625,49,drinking water eating a certain amount of fruits and vegetables per day giving a certain amount of activity in per day and I was just thinking lately what's important to me is having one kind of thing that I do around physical activity that's social so I'm around other people and I realized that that makes a big difference to,1527,160,and I was just thinking lately what's important to me is having one kind of thing that I do around physical activity that's social,C,AC+,misc.hlqc.gold,misc.hlqc.gold:1527,N,N,N,N,2
7,low_031,client,625,49,drinking water eating a certain amount of fruits and vegetables per day giving a certain amount of activity in per day and I was just thinking lately what's important to me is having one kind of thing that I do around physical activity that's social so I'm around other people and I realized that that makes a big difference to,1528,161,so I'm around other people,C,AC+,misc.hlqc.gold,misc.hlqc.gold:1528,N,N,N,N,2
7,low_031,client,625,49,drinking water eating a certain amount of fruits and vegetables per day giving a certain amount of activity in per day and I was just thinking lately what's important to me is having one kind of thing that I do around physical activity that's social so I'm around other people and I realized that that makes a big difference to,1529,162,and I realized that that makes a big difference to,C,AC+,misc.hlqc.gold,misc.hlqc.gold:1529,N,N,N,N,2
7,low_031,counsellor,626,50,Oh social physical activity,1530,163,Oh social physical activity,SRL,SR,misc.hlqc.gold,misc.hlqc.gold:1530,O,FA,O,FA,2
7,low_031,client,627,51,yeah,1531,164,yeah,N,N,misc.hlqc.gold,misc.hlqc.gold:1531,N,N,N,N,2
7,low_031,counsellor,628,52,that you get to be out and be with people like,1532,165,that you get to be out and be with people like,SRL,SR,misc.hlqc.gold,misc.hlqc.gold:1532,CRL,SU,CRL,Support (SU),5
7,low_031,client,629,53,yeah j,1533,166,yeah,N,N,misc.hlqc.gold,misc.hlqc.gold:1533,N,N,N,N,2
7,low_031,client,629,53,yeah j,1534,167,j,N,N,misc.hlqc.gold,misc.hlqc.gold:1534,N,N,N,N,2
7,low_031,counsellor,630,54,Just doing on your own right like even going to a gym and just being around other people working out. We're going to some kind of exercise class just to be around other people who they're their general goal is to you know do physical activity and feel better through it.,1535,168,Just doing on your own right like even going to a gym and just being around other people working out.,SRL,SR,misc.hlqc.gold,misc.hlqc.gold:1535,CRL,SU,CRL,Support (SU),5
7,low_031,counsellor,630,54,Just doing on your own right like even going to a gym and just being around other people working out. We're going to some kind of exercise class just to be around other people who they're their general goal is to you know do physical activity and feel better through it.,1536,169,We're going to some kind of exercise class just to be around other people who they're their general goal is to you know do physical activity and feel better through it.,SRL,SR,misc.hlqc.gold,misc.hlqc.gold:1536,IMI,DI,IMI,DI,2
7,low_031,client,631,55,hmm so that you kind of feel like you're in a partnership together,1537,170,hmm so that you kind of feel like you're in a partnership together,N,N,misc.hlqc.gold,misc.hlqc.gold:1537,N,N,N,N,2
7,low_031,counsellor,632,56,yeah,1538,171,yeah,O,FI,misc.hlqc.gold,misc.hlqc.gold:1538,O,FA,O,FA,2
7,low_031,client,633,57,that's rather than just you're wrong,1539,172,that's rather than just you're wrong,N,N,misc.hlqc.gold,misc.hlqc.gold:1539,N,N,N,N,2
7,low_031,counsellor,634,58,yeah,1540,173,yeah,O,FI,misc.hlqc.gold,misc.hlqc.gold:1540,O,FA,O,FA,2
7,low_031,client,635,59,yeah I'm working toward this together as a group,1541,174,yeah,N,N,misc.hlqc.gold,misc.hlqc.gold:1541,N,N,N,N,2
7,low_031,client,635,59,yeah I'm working toward this together as a group,1542,175,I'm working toward this together as a group,N,N,misc.hlqc.gold,misc.hlqc.gold:1542,C,C+,C,Commitment (C+),6
7,low_031,counsellor,636,60,yeah so you've talked about several different kind of pieces that are important to you if we just took a look at that one activity because that sounds like a newer thing that you're really trying to push with where would you put yourself on how important this is to you want to say on a scale of one to ten just just on importance,1543,176,yeah,O,FI,misc.hlqc.gold,misc.hlqc.gold:1543,O,FA,O,Facilitate (FA),7
7,low_031,counsellor,636,60,yeah so you've talked about several different kind of pieces that are important to you if we just took a look at that one activity because that sounds like a newer thing that you're really trying to push with where would you put yourself on how important this is to you want to say on a scale of one to ten just just on importance,1544,177,so you've talked about several different kind of pieces that are important to you,SRL,SR,misc.hlqc.gold,misc.hlqc.gold:1544,SRL,SR,SRL,Simple Reflection (SR),6
7,low_031,counsellor,636,60,yeah so you've talked about several different kind of pieces that are important to you if we just took a look at that one activity because that sounds like a newer thing that you're really trying to push with where would you put yourself on how important this is to you want to say on a scale of one to ten just just on importance,1545,178,if we just took a look at that one activity because that sounds like a newer thing that you're really trying to push with,SRL,SR,misc.hlqc.gold,misc.hlqc.gold:1545,O,FA,O,FA,2
7,low_031,counsellor,636,60,yeah so you've talked about several different kind of pieces that are important to you if we just took a look at that one activity because that sounds like a newer thing that you're really trying to push with where would you put yourself on how important this is to you want to say on a scale of one to ten just just on importance,1546,179,where would you put yourself on how important this is to you,O,CQ,misc.hlqc.gold,misc.hlqc.gold:1546,Q,CQ,Q,CQ,3
7,low_031,counsellor,636,60,yeah so you've talked about several different kind of pieces that are important to you if we just took a look at that one activity because that sounds like a newer thing that you're really trying to push with where would you put yourself on how important this is to you want to say on a scale of one to ten just just on importance,1547,180,want to say on a scale of one to ten just just on importance,O,CQ,misc.hlqc.gold,misc.hlqc.gold:1547,Q,CQ,Q,Closed Question (CQ),7
7,low_031,client,637,61,yeah right now I realized that it would be this is just something I came to realization today so it would be about I think it's an eight,1548,181,yeah right now I realized that it would be,N,N,misc.hlqc.gold,misc.hlqc.gold:1548,N,N,N,N,2
7,low_031,client,637,61,yeah right now I realized that it would be this is just something I came to realization today so it would be about I think it's an eight,1549,182,this is just something I came to realization today,N,N,misc.hlqc.gold,misc.hlqc.gold:1549,N,N,N,N,2
7,low_031,client,637,61,yeah right now I realized that it would be this is just something I came to realization today so it would be about I think it's an eight,1550,183,so it would be about,N,N,misc.hlqc.gold,misc.hlqc.gold:1550,N,N,N,N,2
7,low_031,client,637,61,yeah right now I realized that it would be this is just something I came to realization today so it would be about I think it's an eight,1551,184,I think it's an eight,N,N,misc.hlqc.gold,misc.hlqc.gold:1551,N,N,N,N,2
7,low_031,counsellor,638,62,Wow eight yeah it's really really up there,1552,185,Wow,O,FI,misc.hlqc.gold,misc.hlqc.gold:1552,O,FA,O,FA,2
7,low_031,counsellor,638,62,Wow eight yeah it's really really up there,1553,186,eight,SRL,SR,misc.hlqc.gold,misc.hlqc.gold:1553,O,FA,O,FA,2
7,low_031,counsellor,638,62,Wow eight yeah it's really really up there,1554,187,yeah it's really really up there,CRL,CR,misc.hlqc.gold,misc.hlqc.gold:1554,CRL,UNKNOWN,CRL,Emphasize Control,5
7,low_031,client,639,63,yeah,1555,188,yeah,N,N,misc.hlqc.gold,misc.hlqc.gold:1555,N,N,N,N,2
7,low_031,counsellor,640,64,it's not a four or five right why would you say an eight not a four or five,1556,189,it's not a four or five right,CRL,CR,misc.hlqc.gold,misc.hlqc.gold:1556,O,FA,O,FA,2
7,low_031,counsellor,640,64,it's not a four or five right why would you say an eight not a four or five,1557,190,why would you say an eight,Q,OQ,misc.hlqc.gold,misc.hlqc.gold:1557,Q,CQ,Q,Closed Question (CQ),7
7,low_031,counsellor,640,64,it's not a four or five right why would you say an eight not a four or five,1558,191,not a four or five,Q,OQ,misc.hlqc.gold,misc.hlqc.gold:1558,O,FA,O,FA,2
7,low_031,client,641,65,because I that it's a it is important for me to have social interaction and be around people who are doing like I guess you'd say like-minded like-minded things and then it becomes less just about me and more about you know just sharing,1559,192,because I that it's a it is important for me to have social interaction and be around people who are doing like I guess you'd say like-minded like-minded things,N,N,misc.hlqc.gold,misc.hlqc.gold:1559,N,N,N,N,2
7,low_031,client,641,65,because I that it's a it is important for me to have social interaction and be around people who are doing like I guess you'd say like-minded like-minded things and then it becomes less just about me and more about you know just sharing,1560,193,and then it becomes less just about me,N,N,misc.hlqc.gold,misc.hlqc.gold:1560,N,N,N,N,2
7,low_031,client,641,65,because I that it's a it is important for me to have social interaction and be around people who are doing like I guess you'd say like-minded like-minded things and then it becomes less just about me and more about you know just sharing,1561,194,and more about you know just sharing,N,N,misc.hlqc.gold,misc.hlqc.gold:1561,N,N,N,N,2
7,low_031,counsellor,642,66,oh okay it's about sharing there's that yeah really that piece of connectedness that's really important for you,1562,195,oh okay it's about sharing,SRL,SR,misc.hlqc.gold,misc.hlqc.gold:1562,SRL,SR,SRL,Simple Reflection (SR),6
7,low_031,counsellor,642,66,oh okay it's about sharing there's that yeah really that piece of connectedness that's really important for you,1563,196,there's that,O,FI,misc.hlqc.gold,misc.hlqc.gold:1563,O,FA,O,FA,2
7,low_031,counsellor,642,66,oh okay it's about sharing there's that yeah really that piece of connectedness that's really important for you,1564,197,yeah really that piece of connectedness,SRL,SR,misc.hlqc.gold,misc.hlqc.gold:1564,CRL,AF,CRL,AF,2
7,low_031,counsellor,642,66,oh okay it's about sharing there's that yeah really that piece of connectedness that's really important for you,1565,198,that's really important for you,SRL,SR,misc.hlqc.gold,misc.hlqc.gold:1565,CRL,AF,CRL,AF,2
7,low_031,client,643,67,yeah,1566,199,yeah,N,N,misc.hlqc.gold,misc.hlqc.gold:1566,N,N,N,N,2
7,low_031,counsellor,644,68,so if we were to ask your second question and that's kind of where the rubber meets the road how confident are you that you could start finding a group activity let's say in the next two weeks,1567,200,so if we were to ask your second question and that's kind of where the rubber meets the road,Q,CQ,misc.hlqc.gold,misc.hlqc.gold:1567,O,FA,O,FA,2
7,low_031,counsellor,644,68,so if we were to ask your second question and that's kind of where the rubber meets the road how confident are you that you could start finding a group activity let's say in the next two weeks,1568,201,how confident are you that you could start finding a group activity,Q,CQ,misc.hlqc.gold,misc.hlqc.gold:1568,Q,CQ,Q,CQ,3
7,low_031,counsellor,644,68,so if we were to ask your second question and that's kind of where the rubber meets the road how confident are you that you could start finding a group activity let's say in the next two weeks,1569,202,let's say in the next two weeks,Q,CQ,misc.hlqc.gold,misc.hlqc.gold:1569,O,FA,O,FA,2
7,low_031,client,645,69,oh,1570,203,oh,N,N,misc.hlqc.gold,misc.hlqc.gold:1570,N,N,N,N,2
7,low_031,counsellor,646,70,you could start one obviously you've got steps to find it,1571,204,you could start one,IMI,ADW,misc.hlqc.gold,misc.hlqc.gold:1571,IMI,UNKNOWN,IMI,Direct,2
7,low_031,counsellor,646,70,you could start one obviously you've got steps to find it,1572,205,obviously you've got steps to find it,IMI,ADW,misc.hlqc.gold,misc.hlqc.gold:1572,O,FA,O,FA,2
7,low_031,client,647,71,right,1573,206,right,N,N,misc.hlqc.gold,misc.hlqc.gold:1573,N,N,N,N,2
7,low_031,counsellor,648,72,involved but within two weeks you could find yourself in some type of a group activity,1574,207,involved but within two weeks you could find yourself in some type of a group activity,IMI,ADW,misc.hlqc.gold,misc.hlqc.gold:1574,CRL,SU,CRL,Support (SU),5
7,low_031,client,649,73,two weeks seems reasonable I think I can do it within two weeks so I would give that a eight,1575,208,two weeks seems reasonable,N,N,misc.hlqc.gold,misc.hlqc.gold:1575,N,N,N,N,2
7,low_031,client,649,73,two weeks seems reasonable I think I can do it within two weeks so I would give that a eight,1576,209,I think I can do it within two weeks,C,AB+,misc.hlqc.gold,misc.hlqc.gold:1576,C,AC+,C,Activation (AC+),5
7,low_031,client,649,73,two weeks seems reasonable I think I can do it within two weeks so I would give that a eight,1577,210,so I would give that a eight,C,AB+,misc.hlqc.gold,misc.hlqc.gold:1577,C,AC+,C,Activation (AC+),5
7,low_031,counsellor,650,74,so you would get that in ages yeah so it's something that's pretty important to you,1578,211,so you would get that in ages yeah,SRL,SR,misc.hlqc.gold,misc.hlqc.gold:1578,O,FA,O,FA,2
7,low_031,counsellor,650,74,so you would get that in ages yeah so it's something that's pretty important to you,1579,212,so it's something that's pretty important to you,SRL,SR,misc.hlqc.gold,misc.hlqc.gold:1579,CRL,AF,CRL,Affirm (AF),6
7,low_031,client,651,75,yeah,1580,213,yeah,N,N,misc.hlqc.gold,misc.hlqc.gold:1580,C,C+,C,Commitment (C+),6
7,low_031,counsellor,652,76,definitely more than a six or seven and also you're really confident that you can go out there and do that,1581,214,definitely more than a six or seven,SRL,SR,misc.hlqc.gold,misc.hlqc.gold:1581,O,FA,O,FA,2
7,low_031,counsellor,652,76,definitely more than a six or seven and also you're really confident that you can go out there and do that,1582,215,and also you're really confident that you can go out there and do that,SRL,SR,misc.hlqc.gold,misc.hlqc.gold:1582,CRL,AF,CRL,Affirm (AF),6
7,low_031,client,653,77,yeah,1583,216,yeah,N,N,misc.hlqc.gold,misc.hlqc.gold:1583,C,AB+,C,AB+,3
7,low_031,counsellor,654,78,what do you see as some of the barriers that might get in your way,1584,217,what do you see as some of the barriers that might get in your way,Q,OQ,misc.hlqc.gold,misc.hlqc.gold:1584,Q,OQ,Q,Open Question (OQ),7
7,low_031,client,655,79,um I guess just structuring my time better,1585,218,um I guess just structuring my time better,N,N,misc.hlqc.gold,misc.hlqc.gold:1585,N,N,N,N,2
7,low_031,counsellor,656,80,structuring your day better,1586,219,structuring your day better,SRL,SR,misc.hlqc.gold,misc.hlqc.gold:1586,O,FA,O,FA,2
7,low_031,client,657,81,yes yes so really not slacking off and really not saying okay well I'm tired you know now tonight I'll just wait till tomorrow basically that,1587,220,yes yes so really not slacking off,N,N,misc.hlqc.gold,misc.hlqc.gold:1587,C,AC+,C,Activation (AC+),5
7,low_031,client,657,81,yes yes so really not slacking off and really not saying okay well I'm tired you know now tonight I'll just wait till tomorrow basically that,1588,221,and really not saying okay well I'm tired you know now tonight,N,N,misc.hlqc.gold,misc.hlqc.gold:1588,C,AC+,C,Activation (AC+),5
7,low_031,client,657,81,yes yes so really not slacking off and really not saying okay well I'm tired you know now tonight I'll just wait till tomorrow basically that,1589,222,I'll just wait till tomorrow basically that,N,N,misc.hlqc.gold,misc.hlqc.gold:1589,S,AC-,S,Activation (AC-),5
7,low_031,counsellor,658,82,so finding the time in your day,1590,223,so finding the time in your day,SRL,SR,misc.hlqc.gold,misc.hlqc.gold:1590,O,FA,O,Facilitate (FA),7
7,low_031,client,659,83,yeah,1591,224,yeah,N,N,misc.hlqc.gold,misc.hlqc.gold:1591,N,N,N,N,2
7,low_031,counsellor,660,84,able to do or not do this or not,1592,225,able to do or not,SRL,SR,misc.hlqc.gold,misc.hlqc.gold:1592,O,FA,O,Facilitate (FA),7
7,low_031,counsellor,660,84,able to do or not do this or not,1593,226,do this or not,SRL,SR,misc.hlqc.gold,misc.hlqc.gold:1593,O,FA,O,Facilitate (FA),7
7,low_031,client,661,85,yeah,1594,227,yeah,N,N,misc.hlqc.gold,misc.hlqc.gold:1594,N,N,N,N,2
7,low_031,counsellor,662,86,and how do you see that best in your day how do you see that working in like an evening kind of thing or,1595,228,and how do you see that best in your day,Q,OQ,misc.hlqc.gold,misc.hlqc.gold:1595,Q,OQ,Q,OQ,3
7,low_031,counsellor,662,86,and how do you see that best in your day how do you see that working in like an evening kind of thing or,1596,229,how do you see that working in like an evening kind of thing or,Q,OQ,misc.hlqc.gold,misc.hlqc.gold:1596,O,FA,O,FA,2
7,low_031,client,663,87,the evening yeah yeah right now the way the way just my today is structured with what I need to do in terms of um work and other commitments,1597,230,the evening yeah yeah right now,N,N,misc.hlqc.gold,misc.hlqc.gold:1597,N,N,N,N,2
7,low_031,client,663,87,the evening yeah yeah right now the way the way just my today is structured with what I need to do in terms of um work and other commitments,1598,231,the way the way just my today is structured with what I need to do in terms of um work and other commitments,N,N,misc.hlqc.gold,misc.hlqc.gold:1598,N,N,N,N,2
7,low_031,counsellor,664,88,okay,1599,232,okay,O,FA,misc.hlqc.gold,misc.hlqc.gold:1599,O,UNKNOWN,O,Structure,2
7,low_031,client,665,89,evening yeah,1600,233,evening yeah,N,N,misc.hlqc.gold,misc.hlqc.gold:1600,N,N,N,N,2
7,low_031,counsellor,666,90,so one of the things I hear people frequently will be saying is that the evenings my time to unwind and then I don't have the energy or I don't feel like going out to do something that might be more rigorous how is that for you,1601,234,so one of the things I hear people frequently will be saying is that the evenings my time to unwind,IMI,RCW,misc.hlqc.gold,misc.hlqc.gold:1601,SRL,SR,SRL,Simple Reflection (SR),6
7,low_031,counsellor,666,90,so one of the things I hear people frequently will be saying is that the evenings my time to unwind and then I don't have the energy or I don't feel like going out to do something that might be more rigorous how is that for you,1602,235,and then I don't have the energy or I don't feel like going out to do something that might be more rigorous,IMI,RCW,misc.hlqc.gold,misc.hlqc.gold:1602,O,FA,O,Facilitate (FA),7
7,low_031,counsellor,666,90,so one of the things I hear people frequently will be saying is that the evenings my time to unwind and then I don't have the energy or I don't feel like going out to do something that might be more rigorous how is that for you,1603,236,how is that for you,Q,OQ,misc.hlqc.gold,misc.hlqc.gold:1603,Q,CQ,Q,CQ,3
7,low_031,client,667,91,I think that would be that would be okay I could always have a cup of coffee beforehand,1604,237,I think that would be that would be okay,C,AB+,misc.hlqc.gold,misc.hlqc.gold:1604,N,N,N,N,2
7,low_031,client,667,91,I think that would be that would be okay I could always have a cup of coffee beforehand,1605,238,I could always have a cup of coffee beforehand,C,AB+,misc.hlqc.gold,misc.hlqc.gold:1605,N,N,N,N,2
7,low_031,counsellor,668,92,you can always have a cup of coffee,1606,239,you can always have a cup of coffee,SRL,SR,misc.hlqc.gold,misc.hlqc.gold:1606,O,FA,O,FA,2
7,low_031,client,669,93,yes yes,1607,240,yes,N,N,misc.hlqc.gold,misc.hlqc.gold:1607,N,N,N,N,2
7,low_031,client,669,93,yes yes,1608,241,yes,N,N,misc.hlqc.gold,misc.hlqc.gold:1608,N,N,N,N,2
7,low_031,counsellor,670,94,well it would be okay with you I would to touch base maybe after that class starts and just kind of see what you found how it's working and then we can go from there looking at any kind of barriers the one thing I think I would just encourage you with to normalize is to realize about doing things in small doable steps and not feeling like if you haven't done everything for the day that you're,1609,242,well it would be okay with you I would to touch base maybe after that class starts and just kind of see what you found how it's working,O,ST,misc.hlqc.gold,misc.hlqc.gold:1609,IMC,GI,IMC,GI,2
7,low_031,counsellor,670,94,well it would be okay with you I would to touch base maybe after that class starts and just kind of see what you found how it's working and then we can go from there looking at any kind of barriers the one thing I think I would just encourage you with to normalize is to realize about doing things in small doable steps and not feeling like if you haven't done everything for the day that you're,1610,243,and then we can go from there looking at any kind of barriers,O,ST,misc.hlqc.gold,misc.hlqc.gold:1610,IMI,UNKNOWN,IMI,Direct,2
7,low_031,counsellor,670,94,well it would be okay with you I would to touch base maybe after that class starts and just kind of see what you found how it's working and then we can go from there looking at any kind of barriers the one thing I think I would just encourage you with to normalize is to realize about doing things in small doable steps and not feeling like if you haven't done everything for the day that you're,1611,244,the one thing I think I would just encourage you with to normalize is to realize about doing things in small doable steps,IMI,ADW,misc.hlqc.gold,misc.hlqc.gold:1611,IMI,ADW,IMI,ADW,3
7,low_031,counsellor,670,94,well it would be okay with you I would to touch base maybe after that class starts and just kind of see what you found how it's working and then we can go from there looking at any kind of barriers the one thing I think I would just encourage you with to normalize is to realize about doing things in small doable steps and not feeling like if you haven't done everything for the day that you're,1612,245,and not feeling like if you haven't done everything for the day that you're,IMI,ADW,misc.hlqc.gold,misc.hlqc.gold:1612,O,FA,O,FA,2
7,low_031,client,671,95,right,1613,246,right,N,N,misc.hlqc.gold,misc.hlqc.gold:1613,N,N,N,N,2
7,low_031,counsellor,672,96,the day but but that anymore water you drink or vegetables you've added it's certainly a positive and looking at trend,1614,247,the day but but that anymore,IMI,ADW,misc.hlqc.gold,misc.hlqc.gold:1614,O,FA,O,FA,2
7,low_031,counsellor,672,96,the day but but that anymore water you drink or vegetables you've added it's certainly a positive and looking at trend,1615,248,water you drink or vegetables you've added it's certainly a positive,IMI,ADW,misc.hlqc.gold,misc.hlqc.gold:1615,CRL,AF,CRL,AF,2
7,low_031,counsellor,672,96,the day but but that anymore water you drink or vegetables you've added it's certainly a positive and looking at trend,1616,249,and looking at trend,IMI,ADW,misc.hlqc.gold,misc.hlqc.gold:1616,O,FA,O,FA,2
7,low_031,client,673,97,right,1617,250,right,N,N,misc.hlqc.gold,misc.hlqc.gold:1617,N,N,N,N,2
7,low_031,counsellor,674,98,then to be hard on yourself right towards your you know movement toward wellness,1618,251,then to be hard on yourself right,IMI,ADW,misc.hlqc.gold,misc.hlqc.gold:1618,O,FA,O,FA,2
7,low_031,counsellor,674,98,then to be hard on yourself right towards your you know movement toward wellness,1619,252,towards your you know movement toward wellness,IMI,ADW,misc.hlqc.gold,misc.hlqc.gold:1619,CRL,AF,CRL,AF,2
7,low_031,client,675,99,right,1620,253,right,N,N,misc.hlqc.gold,misc.hlqc.gold:1620,N,N,N,N,2
7,low_031,counsellor,676,100,okay so if we could touch base maybe in three weeks,1621,254,okay so if we could touch base maybe in three weeks,O,ST,misc.hlqc.gold,misc.hlqc.gold:1621,O,UNKNOWN,O,Structure,2
7,low_031,client,677,101,sure,1622,255,sure,N,N,misc.hlqc.gold,misc.hlqc.gold:1622,N,N,N,N,2
7,low_031,counsellor,678,102,that would be super I'd really look forward to it I'm really glad you came in,1623,256,that would be super,O,FI,misc.hlqc.gold,misc.hlqc.gold:1623,O,FA,O,FA,2
7,low_031,counsellor,678,102,that would be super I'd really look forward to it I'm really glad you came in,1624,257,I'd really look forward to it,O,FI,misc.hlqc.gold,misc.hlqc.gold:1624,O,FA,O,FA,2
7,low_031,counsellor,678,102,that would be super I'd really look forward to it I'm really glad you came in,1625,258,I'm really glad you came in,O,FI,misc.hlqc.gold,misc.hlqc.gold:1625,O,FI,O,Filler (FI),6
7,low_031,client,679,103,okay thank you,1626,259,okay thank you,N,N,misc.hlqc.gold,misc.hlqc.gold:1626,N,N,N,N,2
